file,line,type,commit,author,date,time,timezone,datetime,depth,length
style.css,1,css,2a153def,Jenny Xu,2025-01-16,12:15:13,-08:00,2025-01-16T12:15:13-08:00,0,28
style.css,2,css,0788d22a,Jenny Xu,2025-01-16,12:09:27,-08:00,2025-01-16T12:09:27-08:00,0,6
style.css,3,css,2a153def,Jenny Xu,2025-01-16,12:15:13,-08:00,2025-01-16T12:15:13-08:00,0,32
style.css,4,css,0788d22a,Jenny Xu,2025-01-16,12:09:27,-08:00,2025-01-16T12:09:27-08:00,0,0
style.css,5,css,0788d22a,Jenny Xu,2025-01-16,12:09:27,-08:00,2025-01-16T12:09:27-08:00,0,0
style.css,6,css,2a153def,Jenny Xu,2025-01-16,12:15:13,-08:00,2025-01-16T12:15:13-08:00,0,23
style.css,7,css,0788d22a,Jenny Xu,2025-01-16,12:09:27,-08:00,2025-01-16T12:09:27-08:00,0,5
style.css,8,css,2a153def,Jenny Xu,2025-01-16,12:15:13,-08:00,2025-01-16T12:15:13-08:00,0,33
style.css,9,css,a3e0e722,Jenny Xu,2025-01-24,11:32:32,-08:00,2025-01-24T11:32:32-08:00,0,30
style.css,10,css,0788d22a,Jenny Xu,2025-01-16,12:09:27,-08:00,2025-01-16T12:09:27-08:00,0,0
style.css,11,css,0788d22a,Jenny Xu,2025-01-16,12:09:27,-08:00,2025-01-16T12:09:27-08:00,0,0
style.css,12,css,89807e51,Jenny Xu,2025-01-17,01:34:13,-08:00,2025-01-17T01:34:13-08:00,0,23
style.css,13,css,89807e51,Jenny Xu,2025-01-17,01:34:13,-08:00,2025-01-17T01:34:13-08:00,0,16
style.css,14,css,89807e51,Jenny Xu,2025-01-17,01:34:13,-08:00,2025-01-17T01:34:13-08:00,0,18
style.css,15,css,89807e51,Jenny Xu,2025-01-17,01:34:13,-08:00,2025-01-17T01:34:13-08:00,0,0
style.css,16,css,89807e51,Jenny Xu,2025-01-17,01:34:13,-08:00,2025-01-17T01:34:13-08:00,0,0
style.css,17,css,89807e51,Jenny Xu,2025-01-17,01:34:13,-08:00,2025-01-17T01:34:13-08:00,0,3
style.css,18,css,89807e51,Jenny Xu,2025-01-17,01:34:13,-08:00,2025-01-17T01:34:13-08:00,0,15
style.css,19,css,89807e51,Jenny Xu,2025-01-17,01:34:13,-08:00,2025-01-17T01:34:13-08:00,0,17
style.css,20,css,89807e51,Jenny Xu,2025-01-17,01:34:13,-08:00,2025-01-17T01:34:13-08:00,0,20
style.css,21,css,89807e51,Jenny Xu,2025-01-17,01:34:13,-08:00,2025-01-17T01:34:13-08:00,0,0
style.css,22,css,89807e51,Jenny Xu,2025-01-17,01:34:13,-08:00,2025-01-17T01:34:13-08:00,0,0
style.css,23,css,89807e51,Jenny Xu,2025-01-17,01:34:13,-08:00,2025-01-17T01:34:13-08:00,0,3
style.css,24,css,89807e51,Jenny Xu,2025-01-17,01:34:13,-08:00,2025-01-17T01:34:13-08:00,0,15
style.css,25,css,89807e51,Jenny Xu,2025-01-17,01:34:13,-08:00,2025-01-17T01:34:13-08:00,0,17
style.css,26,css,89807e51,Jenny Xu,2025-01-17,01:34:13,-08:00,2025-01-17T01:34:13-08:00,0,20
style.css,27,css,89807e51,Jenny Xu,2025-01-17,01:34:13,-08:00,2025-01-17T01:34:13-08:00,0,0
style.css,28,css,89807e51,Jenny Xu,2025-01-17,01:34:13,-08:00,2025-01-17T01:34:13-08:00,0,0
style.css,29,css,8517ce02,Jenny Xu,2025-01-17,18:18:28,-08:00,2025-01-17T18:18:28-08:00,0,3
style.css,30,css,8517ce02,Jenny Xu,2025-01-17,18:18:28,-08:00,2025-01-17T18:18:28-08:00,0,15
style.css,31,css,8517ce02,Jenny Xu,2025-01-17,18:18:28,-08:00,2025-01-17T18:18:28-08:00,0,17
style.css,32,css,8517ce02,Jenny Xu,2025-01-17,18:18:28,-08:00,2025-01-17T18:18:28-08:00,0,20
style.css,33,css,8517ce02,Jenny Xu,2025-01-17,18:18:28,-08:00,2025-01-17T18:18:28-08:00,0,0
style.css,34,css,8517ce02,Jenny Xu,2025-01-17,18:18:28,-08:00,2025-01-17T18:18:28-08:00,0,0
style.css,35,css,8517ce02,Jenny Xu,2025-01-17,18:18:28,-08:00,2025-01-17T18:18:28-08:00,0,3
style.css,36,css,8517ce02,Jenny Xu,2025-01-17,18:18:28,-08:00,2025-01-17T18:18:28-08:00,0,15
style.css,37,css,8517ce02,Jenny Xu,2025-01-17,18:18:28,-08:00,2025-01-17T18:18:28-08:00,0,17
style.css,38,css,8517ce02,Jenny Xu,2025-01-17,18:18:28,-08:00,2025-01-17T18:18:28-08:00,0,20
style.css,39,css,8517ce02,Jenny Xu,2025-01-17,18:18:28,-08:00,2025-01-17T18:18:28-08:00,0,0
style.css,40,css,8517ce02,Jenny Xu,2025-01-17,18:18:28,-08:00,2025-01-17T18:18:28-08:00,0,0
style.css,41,css,1bd0c2c3,Jenny Xu,2025-01-16,17:31:35,-08:00,2025-01-16T17:31:35-08:00,0,17
style.css,42,css,0ee5c6a7,Jenny Xu,2025-01-10,17:51:44,-08:00,2025-01-10T17:51:44-08:00,0,5
style.css,43,css,7cd3481c,Jenny Xu,2025-01-16,11:22:08,-08:00,2025-01-16T11:22:08-08:00,0,16
style.css,44,css,c144d5c9,Jenny Xu,2025-01-16,12:04:20,-08:00,2025-01-16T12:04:20-08:00,0,12
style.css,45,css,7cd3481c,Jenny Xu,2025-01-16,11:22:08,-08:00,2025-01-16T11:22:08-08:00,0,13
style.css,46,css,7cd3481c,Jenny Xu,2025-01-16,11:22:08,-08:00,2025-01-16T11:22:08-08:00,0,30
style.css,47,css,1bd0c2c3,Jenny Xu,2025-01-16,17:31:35,-08:00,2025-01-16T17:31:35-08:00,0,19
style.css,48,css,1bd0c2c3,Jenny Xu,2025-01-16,17:31:35,-08:00,2025-01-16T17:31:35-08:00,0,4
style.css,49,css,1bd0c2c3,Jenny Xu,2025-01-16,17:31:35,-08:00,2025-01-16T17:31:35-08:00,0,13
style.css,50,css,89807e51,Jenny Xu,2025-01-17,01:34:13,-08:00,2025-01-17T01:34:13-08:00,0,18
style.css,51,css,1bd0c2c3,Jenny Xu,2025-01-16,17:31:35,-08:00,2025-01-16T17:31:35-08:00,0,24
style.css,52,css,1bd0c2c3,Jenny Xu,2025-01-16,17:31:35,-08:00,2025-01-16T17:31:35-08:00,0,26
style.css,53,css,a3e0e722,Jenny Xu,2025-01-24,11:32:32,-08:00,2025-01-24T11:32:32-08:00,0,40
style.css,54,css,a3e0e722,Jenny Xu,2025-01-24,11:32:32,-08:00,2025-01-24T11:32:32-08:00,0,40
style.css,55,css,89807e51,Jenny Xu,2025-01-17,01:34:13,-08:00,2025-01-17T01:34:13-08:00,0,14
style.css,56,css,1bd0c2c3,Jenny Xu,2025-01-16,17:31:35,-08:00,2025-01-16T17:31:35-08:00,0,19
style.css,57,css,1bd0c2c3,Jenny Xu,2025-01-16,17:31:35,-08:00,2025-01-16T17:31:35-08:00,0,0
style.css,58,css,a3e0e722,Jenny Xu,2025-01-24,11:32:32,-08:00,2025-01-24T11:32:32-08:00,0,0
style.css,59,css,a3e0e722,Jenny Xu,2025-01-24,11:32:32,-08:00,2025-01-24T11:32:32-08:00,0,6
style.css,60,css,a3e0e722,Jenny Xu,2025-01-24,11:32:32,-08:00,2025-01-24T11:32:32-08:00,0,7
style.css,61,css,a3e0e722,Jenny Xu,2025-01-24,11:32:32,-08:00,2025-01-24T11:32:32-08:00,0,21
style.css,62,css,a3e0e722,Jenny Xu,2025-01-24,11:32:32,-08:00,2025-01-24T11:32:32-08:00,0,14
style.css,63,css,a3e0e722,Jenny Xu,2025-01-24,11:32:32,-08:00,2025-01-24T11:32:32-08:00,0,18
style.css,64,css,a3e0e722,Jenny Xu,2025-01-24,11:32:32,-08:00,2025-01-24T11:32:32-08:00,0,14
style.css,65,css,a3e0e722,Jenny Xu,2025-01-24,11:32:32,-08:00,2025-01-24T11:32:32-08:00,0,0
style.css,66,css,a3e0e722,Jenny Xu,2025-01-24,11:32:32,-08:00,2025-01-24T11:32:32-08:00,0,0
style.css,67,css,a3e0e722,Jenny Xu,2025-01-24,11:32:32,-08:00,2025-01-24T11:32:32-08:00,0,26
style.css,68,css,a3e0e722,Jenny Xu,2025-01-24,11:32:32,-08:00,2025-01-24T11:32:32-08:00,0,14
style.css,69,css,a3e0e722,Jenny Xu,2025-01-24,11:32:32,-08:00,2025-01-24T11:32:32-08:00,0,17
style.css,70,css,a3e0e722,Jenny Xu,2025-01-24,11:32:32,-08:00,2025-01-24T11:32:32-08:00,0,26
style.css,71,css,a3e0e722,Jenny Xu,2025-01-24,11:32:32,-08:00,2025-01-24T11:32:32-08:00,0,40
style.css,72,css,a3e0e722,Jenny Xu,2025-01-24,11:32:32,-08:00,2025-01-24T11:32:32-08:00,0,26
style.css,73,css,a3e0e722,Jenny Xu,2025-01-24,11:32:32,-08:00,2025-01-24T11:32:32-08:00,0,21
style.css,74,css,a3e0e722,Jenny Xu,2025-01-24,11:32:32,-08:00,2025-01-24T11:32:32-08:00,0,0
style.css,75,css,a3e0e722,Jenny Xu,2025-01-24,11:32:32,-08:00,2025-01-24T11:32:32-08:00,0,0
style.css,76,css,a3e0e722,Jenny Xu,2025-01-24,11:32:32,-08:00,2025-01-24T11:32:32-08:00,0,12
style.css,77,css,a3e0e722,Jenny Xu,2025-01-24,11:32:32,-08:00,2025-01-24T11:32:32-08:00,0,22
style.css,78,css,a3e0e722,Jenny Xu,2025-01-24,11:32:32,-08:00,2025-01-24T11:32:32-08:00,0,70
style.css,79,css,a3e0e722,Jenny Xu,2025-01-24,11:32:32,-08:00,2025-01-24T11:32:32-08:00,0,40
style.css,80,css,a3e0e722,Jenny Xu,2025-01-24,11:32:32,-08:00,2025-01-24T11:32:32-08:00,0,26
style.css,81,css,a3e0e722,Jenny Xu,2025-01-24,11:32:32,-08:00,2025-01-24T11:32:32-08:00,0,26
style.css,82,css,a3e0e722,Jenny Xu,2025-01-24,11:32:32,-08:00,2025-01-24T11:32:32-08:00,0,21
style.css,83,css,a3e0e722,Jenny Xu,2025-01-24,11:32:32,-08:00,2025-01-24T11:32:32-08:00,0,0
style.css,84,css,a3e0e722,Jenny Xu,2025-01-24,11:32:32,-08:00,2025-01-24T11:32:32-08:00,0,0
style.css,85,css,a3e0e722,Jenny Xu,2025-01-24,11:32:32,-08:00,2025-01-24T11:32:32-08:00,0,24
style.css,86,css,a3e0e722,Jenny Xu,2025-01-24,11:32:32,-08:00,2025-01-24T11:32:32-08:00,0,13
style.css,87,css,89807e51,Jenny Xu,2025-01-17,01:34:13,-08:00,2025-01-17T01:34:13-08:00,0,0
style.css,88,css,a3e0e722,Jenny Xu,2025-01-24,11:32:32,-08:00,2025-01-24T11:32:32-08:00,0,0
style.css,89,css,89807e51,Jenny Xu,2025-01-17,01:34:13,-08:00,2025-01-17T01:34:13-08:00,0,5
style.css,90,css,a3e0e722,Jenny Xu,2025-01-24,11:32:32,-08:00,2025-01-24T11:32:32-08:00,0,13
style.css,91,css,a3e0e722,Jenny Xu,2025-01-24,11:32:32,-08:00,2025-01-24T11:32:32-08:00,0,91
style.css,92,css,a3e0e722,Jenny Xu,2025-01-24,11:32:32,-08:00,2025-01-24T11:32:32-08:00,0,46
style.css,93,css,89807e51,Jenny Xu,2025-01-17,01:34:13,-08:00,2025-01-17T01:34:13-08:00,0,0
style.css,94,css,a3e0e722,Jenny Xu,2025-01-24,11:32:32,-08:00,2025-01-24T11:32:32-08:00,0,0
style.css,95,css,89807e51,Jenny Xu,2025-01-17,01:34:13,-08:00,2025-01-17T01:34:13-08:00,0,6
style.css,96,css,a3e0e722,Jenny Xu,2025-01-24,11:32:32,-08:00,2025-01-24T11:32:32-08:00,0,13
style.css,97,css,a3e0e722,Jenny Xu,2025-01-24,11:32:32,-08:00,2025-01-24T11:32:32-08:00,0,69
style.css,98,css,a3e0e722,Jenny Xu,2025-01-24,11:32:32,-08:00,2025-01-24T11:32:32-08:00,0,19
style.css,99,css,89807e51,Jenny Xu,2025-01-17,01:34:13,-08:00,2025-01-17T01:34:13-08:00,0,0
style.css,100,css,a3e0e722,Jenny Xu,2025-01-24,11:32:32,-08:00,2025-01-24T11:32:32-08:00,0,0
style.css,101,css,89807e51,Jenny Xu,2025-01-17,01:34:13,-08:00,2025-01-17T01:34:13-08:00,0,7
style.css,102,css,a3e0e722,Jenny Xu,2025-01-24,11:32:32,-08:00,2025-01-24T11:32:32-08:00,0,19
style.css,103,css,a3e0e722,Jenny Xu,2025-01-24,11:32:32,-08:00,2025-01-24T11:32:32-08:00,0,13
style.css,104,css,89807e51,Jenny Xu,2025-01-17,01:34:13,-08:00,2025-01-17T01:34:13-08:00,0,0
style.css,105,css,a3e0e722,Jenny Xu,2025-01-24,11:32:32,-08:00,2025-01-24T11:32:32-08:00,0,0
style.css,106,css,89807e51,Jenny Xu,2025-01-17,01:34:13,-08:00,2025-01-17T01:34:13-08:00,0,10
style.css,107,css,d371600e,Jenny Xu,2025-02-03,14:29:34,-08:00,2025-02-03T14:29:34-08:00,0,13
style.css,108,css,d371600e,Jenny Xu,2025-02-03,14:29:34,-08:00,2025-02-03T14:29:34-08:00,0,59
style.css,109,css,d371600e,Jenny Xu,2025-02-03,14:29:34,-08:00,2025-02-03T14:29:34-08:00,0,8
style.css,110,css,d371600e,Jenny Xu,2025-02-03,14:29:34,-08:00,2025-02-03T14:29:34-08:00,0,16
style.css,111,css,d371600e,Jenny Xu,2025-02-03,14:29:34,-08:00,2025-02-03T14:29:34-08:00,0,8
style.css,112,css,d371600e,Jenny Xu,2025-02-03,14:29:34,-08:00,2025-02-03T14:29:34-08:00,0,13
style.css,113,css,d371600e,Jenny Xu,2025-02-03,14:29:34,-08:00,2025-02-03T14:29:34-08:00,0,27
style.css,114,css,d371600e,Jenny Xu,2025-02-03,14:29:34,-08:00,2025-02-03T14:29:34-08:00,0,16
style.css,115,css,d371600e,Jenny Xu,2025-02-03,14:29:34,-08:00,2025-02-03T14:29:34-08:00,0,3
style.css,116,css,d371600e,Jenny Xu,2025-02-03,14:29:34,-08:00,2025-02-03T14:29:34-08:00,0,9
style.css,117,css,d371600e,Jenny Xu,2025-02-03,14:29:34,-08:00,2025-02-03T14:29:34-08:00,0,0
style.css,118,css,d371600e,Jenny Xu,2025-02-03,14:29:34,-08:00,2025-02-03T14:29:34-08:00,0,3
style.css,119,css,d371600e,Jenny Xu,2025-02-03,14:29:34,-08:00,2025-02-03T14:29:34-08:00,0,9
style.css,120,css,d371600e,Jenny Xu,2025-02-03,14:29:34,-08:00,2025-02-03T14:29:34-08:00,0,0
style.css,121,css,f1ccee4a,Jenny Xu,2025-02-04,15:00:49,-08:00,2025-02-04T15:00:49-08:00,0,7
style.css,122,css,f1ccee4a,Jenny Xu,2025-02-04,15:00:49,-08:00,2025-02-04T15:00:49-08:00,0,15
style.css,123,css,f1ccee4a,Jenny Xu,2025-02-04,15:00:49,-08:00,2025-02-04T15:00:49-08:00,0,24
style.css,124,css,f1ccee4a,Jenny Xu,2025-02-04,15:00:49,-08:00,2025-02-04T15:00:49-08:00,0,20
style.css,125,css,f1ccee4a,Jenny Xu,2025-02-04,15:00:49,-08:00,2025-02-04T15:00:49-08:00,0,24
style.css,126,css,f1ccee4a,Jenny Xu,2025-02-04,15:00:49,-08:00,2025-02-04T15:00:49-08:00,0,35
style.css,127,css,f1ccee4a,Jenny Xu,2025-02-04,15:00:49,-08:00,2025-02-04T15:00:49-08:00,0,0
style.css,128,css,f1ccee4a,Jenny Xu,2025-02-04,15:00:49,-08:00,2025-02-04T15:00:49-08:00,0,0
style.css,129,css,89807e51,Jenny Xu,2025-01-17,01:34:13,-08:00,2025-01-17T01:34:13-08:00,0,0
style.css,130,css,a3e0e722,Jenny Xu,2025-01-24,11:32:32,-08:00,2025-01-24T11:32:32-08:00,0,0
style.css,131,css,8517ce02,Jenny Xu,2025-01-17,18:18:28,-08:00,2025-01-17T18:18:28-08:00,0,8
style.css,132,css,8517ce02,Jenny Xu,2025-01-17,18:18:28,-08:00,2025-01-17T18:18:28-08:00,0,3
style.css,133,css,8517ce02,Jenny Xu,2025-01-17,18:18:28,-08:00,2025-01-17T18:18:28-08:00,0,24
style.css,134,css,8517ce02,Jenny Xu,2025-01-17,18:18:28,-08:00,2025-01-17T18:18:28-08:00,0,26
style.css,135,css,8517ce02,Jenny Xu,2025-01-17,18:18:28,-08:00,2025-01-17T18:18:28-08:00,0,38
style.css,136,css,8517ce02,Jenny Xu,2025-01-17,18:18:28,-08:00,2025-01-17T18:18:28-08:00,0,20
style.css,137,css,8517ce02,Jenny Xu,2025-01-17,18:18:28,-08:00,2025-01-17T18:18:28-08:00,0,0
style.css,138,css,8517ce02,Jenny Xu,2025-01-17,18:18:28,-08:00,2025-01-17T18:18:28-08:00,0,0
style.css,139,css,68b362fb,Jenny Xu,2025-01-30,14:03:58,-08:00,2025-01-30T14:03:58-08:00,0,0
style.css,140,css,3b898f44,Jenny Xu,2025-01-30,15:13:16,-08:00,2025-01-30T15:13:16-08:00,0,15
style.css,141,css,3b898f44,Jenny Xu,2025-01-30,15:13:16,-08:00,2025-01-30T15:13:16-08:00,0,3
style.css,142,css,3b898f44,Jenny Xu,2025-01-30,15:13:16,-08:00,2025-01-30T15:13:16-08:00,0,15
style.css,143,css,3b898f44,Jenny Xu,2025-01-30,15:13:16,-08:00,2025-01-30T15:13:16-08:00,0,17
style.css,144,css,3b898f44,Jenny Xu,2025-01-30,15:13:16,-08:00,2025-01-30T15:13:16-08:00,0,20
style.css,145,css,3b898f44,Jenny Xu,2025-01-30,15:13:16,-08:00,2025-01-30T15:13:16-08:00,0,0
style.css,146,css,68b362fb,Jenny Xu,2025-01-30,14:03:58,-08:00,2025-01-30T14:03:58-08:00,0,0
style.css,147,css,3b898f44,Jenny Xu,2025-01-30,15:13:16,-08:00,2025-01-30T15:13:16-08:00,0,3
style.css,148,css,3b898f44,Jenny Xu,2025-01-30,15:13:16,-08:00,2025-01-30T15:13:16-08:00,0,13
style.css,149,css,3b898f44,Jenny Xu,2025-01-30,15:13:16,-08:00,2025-01-30T15:13:16-08:00,0,37
style.css,150,css,3b898f44,Jenny Xu,2025-01-30,15:13:16,-08:00,2025-01-30T15:13:16-08:00,0,18
style.css,151,css,3b898f44,Jenny Xu,2025-01-30,15:13:16,-08:00,2025-01-30T15:13:16-08:00,0,9
style.css,152,css,2a52e4c7,Jenny Xu,2025-01-31,14:59:13,-08:00,2025-01-31T14:59:13-08:00,0,35
style.css,153,css,3b898f44,Jenny Xu,2025-01-30,15:13:16,-08:00,2025-01-30T15:13:16-08:00,0,0
style.css,154,css,3b898f44,Jenny Xu,2025-01-30,15:13:16,-08:00,2025-01-30T15:13:16-08:00,0,0
style.css,155,css,3b898f44,Jenny Xu,2025-01-30,15:13:16,-08:00,2025-01-30T15:13:16-08:00,0,3
style.css,156,css,3b898f44,Jenny Xu,2025-01-30,15:13:16,-08:00,2025-01-30T15:13:16-08:00,0,11
style.css,157,css,3b898f44,Jenny Xu,2025-01-30,15:13:16,-08:00,2025-01-30T15:13:16-08:00,0,15
style.css,158,css,3b898f44,Jenny Xu,2025-01-30,15:13:16,-08:00,2025-01-30T15:13:16-08:00,0,14
style.css,159,css,3b898f44,Jenny Xu,2025-01-30,15:13:16,-08:00,2025-01-30T15:13:16-08:00,0,25
style.css,160,css,3b898f44,Jenny Xu,2025-01-30,15:13:16,-08:00,2025-01-30T15:13:16-08:00,0,16
style.css,161,css,3b898f44,Jenny Xu,2025-01-30,15:13:16,-08:00,2025-01-30T15:13:16-08:00,0,0
style.css,162,css,3b898f44,Jenny Xu,2025-01-30,15:13:16,-08:00,2025-01-30T15:13:16-08:00,0,0
style.css,163,css,3b898f44,Jenny Xu,2025-01-30,15:13:16,-08:00,2025-01-30T15:13:16-08:00,0,3
style.css,164,css,3b898f44,Jenny Xu,2025-01-30,15:13:16,-08:00,2025-01-30T15:13:16-08:00,0,11
style.css,165,css,3b898f44,Jenny Xu,2025-01-30,15:13:16,-08:00,2025-01-30T15:13:16-08:00,0,15
style.css,166,css,3b898f44,Jenny Xu,2025-01-30,15:13:16,-08:00,2025-01-30T15:13:16-08:00,0,17
style.css,167,css,3b898f44,Jenny Xu,2025-01-30,15:13:16,-08:00,2025-01-30T15:13:16-08:00,0,9
style.css,168,css,3b898f44,Jenny Xu,2025-01-30,15:13:16,-08:00,2025-01-30T15:13:16-08:00,0,0
style.css,169,css,68b362fb,Jenny Xu,2025-01-30,14:03:58,-08:00,2025-01-30T14:03:58-08:00,0,0
style.css,170,css,f1ccee4a,Jenny Xu,2025-02-04,15:00:49,-08:00,2025-02-04T15:00:49-08:00,0,0
style.css,171,css,f1ccee4a,Jenny Xu,2025-02-04,15:00:49,-08:00,2025-02-04T15:00:49-08:00,0,4
style.css,172,css,f1ccee4a,Jenny Xu,2025-02-04,15:00:49,-08:00,2025-02-04T15:00:49-08:00,0,15
style.css,173,css,f1ccee4a,Jenny Xu,2025-02-04,15:00:49,-08:00,2025-02-04T15:00:49-08:00,0,17
style.css,174,css,f1ccee4a,Jenny Xu,2025-02-04,15:00:49,-08:00,2025-02-04T15:00:49-08:00,0,0
style.css,175,css,f1ccee4a,Jenny Xu,2025-02-04,15:00:49,-08:00,2025-02-04T15:00:49-08:00,0,43
style.css,176,css,f1ccee4a,Jenny Xu,2025-02-04,15:00:49,-08:00,2025-02-04T15:00:49-08:00,0,17
style.css,177,css,f1ccee4a,Jenny Xu,2025-02-04,15:00:49,-08:00,2025-02-04T15:00:49-08:00,0,0
style.css,178,css,7cd3481c,Jenny Xu,2025-01-16,11:22:08,-08:00,2025-01-16T11:22:08-08:00,0,0
style.css,179,css,7cd3481c,Jenny Xu,2025-01-16,11:22:08,-08:00,2025-01-16T11:22:08-08:00,0,0
style.css,180,css,a3e0e722,Jenny Xu,2025-01-24,11:32:32,-08:00,2025-01-24T11:32:32-08:00,0,31
style.css,181,css,a3e0e722,Jenny Xu,2025-01-24,11:32:32,-08:00,2025-01-24T11:32:32-08:00,0,14
style.css,182,css,a44c9d66,Jenny Xu,2025-01-24,14:43:15,-08:00,2025-01-24T14:43:15-08:00,0,18
style.css,183,css,a44c9d66,Jenny Xu,2025-01-24,14:43:15,-08:00,2025-01-24T14:43:15-08:00,0,9
style.css,184,css,a44c9d66,Jenny Xu,2025-01-24,14:43:15,-08:00,2025-01-24T14:43:15-08:00,0,11
style.css,185,css,a44c9d66,Jenny Xu,2025-01-24,14:43:15,-08:00,2025-01-24T14:43:15-08:00,0,17
style.css,186,css,a44c9d66,Jenny Xu,2025-01-24,14:43:15,-08:00,2025-01-24T14:43:15-08:00,0,20
style.css,187,css,a44c9d66,Jenny Xu,2025-01-24,14:43:15,-08:00,2025-01-24T14:43:15-08:00,0,14
style.css,188,css,a44c9d66,Jenny Xu,2025-01-24,14:43:15,-08:00,2025-01-24T14:43:15-08:00,0,59
style.css,189,css,a44c9d66,Jenny Xu,2025-01-24,14:43:15,-08:00,2025-01-24T14:43:15-08:00,0,69
style.css,190,css,a44c9d66,Jenny Xu,2025-01-24,14:43:15,-08:00,2025-01-24T14:43:15-08:00,0,52
style.css,191,css,a44c9d66,Jenny Xu,2025-01-24,14:43:15,-08:00,2025-01-24T14:43:15-08:00,0,16
style.css,192,css,a44c9d66,Jenny Xu,2025-01-24,14:43:15,-08:00,2025-01-24T14:43:15-08:00,0,10
style.css,193,css,a3e0e722,Jenny Xu,2025-01-24,11:32:32,-08:00,2025-01-24T11:32:32-08:00,0,0
style.css,194,css,7cd3481c,Jenny Xu,2025-01-16,11:22:08,-08:00,2025-01-16T11:22:08-08:00,0,0
style.css,195,css,a44c9d66,Jenny Xu,2025-01-24,14:43:15,-08:00,2025-01-24T14:43:15-08:00,0,28
style.css,196,css,a3e0e722,Jenny Xu,2025-01-24,11:32:32,-08:00,2025-01-24T11:32:32-08:00,0,21
style.css,197,css,a3e0e722,Jenny Xu,2025-01-24,11:32:32,-08:00,2025-01-24T11:32:32-08:00,0,13
style.css,198,css,a44c9d66,Jenny Xu,2025-01-24,14:43:15,-08:00,2025-01-24T14:43:15-08:00,0,20
style.css,199,css,a44c9d66,Jenny Xu,2025-01-24,14:43:15,-08:00,2025-01-24T14:43:15-08:00,0,21
style.css,200,css,a44c9d66,Jenny Xu,2025-01-24,14:43:15,-08:00,2025-01-24T14:43:15-08:00,0,14
style.css,201,css,a44c9d66,Jenny Xu,2025-01-24,14:43:15,-08:00,2025-01-24T14:43:15-08:00,0,15
style.css,202,css,a3e0e722,Jenny Xu,2025-01-24,11:32:32,-08:00,2025-01-24T11:32:32-08:00,0,0
style.css,203,css,1808aa92,Jenny Xu,2025-02-05,22:57:32,-08:00,2025-02-05T22:57:32-08:00,0,0
style.css,204,css,1808aa92,Jenny Xu,2025-02-05,22:57:32,-08:00,2025-02-05T22:57:32-08:00,0,8
style.css,205,css,1808aa92,Jenny Xu,2025-02-05,22:57:32,-08:00,2025-02-05T22:57:32-08:00,0,13
style.css,206,css,1808aa92,Jenny Xu,2025-02-05,22:57:32,-08:00,2025-02-05T22:57:32-08:00,0,37
style.css,207,css,1808aa92,Jenny Xu,2025-02-05,22:57:32,-08:00,2025-02-05T22:57:32-08:00,0,8
style.css,208,css,1808aa92,Jenny Xu,2025-02-05,22:57:32,-08:00,2025-02-05T22:57:32-08:00,0,14
style.css,209,css,1808aa92,Jenny Xu,2025-02-05,22:57:32,-08:00,2025-02-05T22:57:32-08:00,0,25
style.css,210,css,1808aa92,Jenny Xu,2025-02-05,22:57:32,-08:00,2025-02-05T22:57:32-08:00,0,13
style.css,211,css,1808aa92,Jenny Xu,2025-02-05,22:57:32,-08:00,2025-02-05T22:57:32-08:00,0,41
style.css,212,css,1808aa92,Jenny Xu,2025-02-05,22:57:32,-08:00,2025-02-05T22:57:32-08:00,0,18
style.css,213,css,1808aa92,Jenny Xu,2025-02-05,22:57:32,-08:00,2025-02-05T22:57:32-08:00,0,7
style.css,214,css,1808aa92,Jenny Xu,2025-02-05,22:57:32,-08:00,2025-02-05T22:57:32-08:00,0,0
style.css,215,css,1808aa92,Jenny Xu,2025-02-05,22:57:32,-08:00,2025-02-05T22:57:32-08:00,0,0
style.css,216,css,1808aa92,Jenny Xu,2025-02-05,22:57:32,-08:00,2025-02-05T22:57:32-08:00,0,26
style.css,217,css,1808aa92,Jenny Xu,2025-02-05,22:57:32,-08:00,2025-02-05T22:57:32-08:00,0,11
style.css,218,css,1808aa92,Jenny Xu,2025-02-05,22:57:32,-08:00,2025-02-05T22:57:32-08:00,0,17
style.css,219,css,1808aa92,Jenny Xu,2025-02-05,22:57:32,-08:00,2025-02-05T22:57:32-08:00,0,0
style.css,220,css,1808aa92,Jenny Xu,2025-02-05,22:57:32,-08:00,2025-02-05T22:57:32-08:00,0,0
style.css,221,css,1808aa92,Jenny Xu,2025-02-05,22:57:32,-08:00,2025-02-05T22:57:32-08:00,0,8
style.css,222,css,1808aa92,Jenny Xu,2025-02-05,22:57:32,-08:00,2025-02-05T22:57:32-08:00,0,37
style.css,223,css,1808aa92,Jenny Xu,2025-02-05,22:57:32,-08:00,2025-02-05T22:57:32-08:00,0,0
style.css,224,css,1808aa92,Jenny Xu,2025-02-05,22:57:32,-08:00,2025-02-05T22:57:32-08:00,0,0
style.css,225,css,1808aa92,Jenny Xu,2025-02-05,22:57:32,-08:00,2025-02-05T22:57:32-08:00,0,0
style.css,226,css,1808aa92,Jenny Xu,2025-02-05,22:57:32,-08:00,2025-02-05T22:57:32-08:00,0,26
style.css,227,css,1808aa92,Jenny Xu,2025-02-05,22:57:32,-08:00,2025-02-05T22:57:32-08:00,0,8
style.css,228,css,1808aa92,Jenny Xu,2025-02-05,22:57:32,-08:00,2025-02-05T22:57:32-08:00,0,26
style.css,229,css,1808aa92,Jenny Xu,2025-02-05,22:57:32,-08:00,2025-02-05T22:57:32-08:00,0,0
style.css,230,css,1808aa92,Jenny Xu,2025-02-05,22:57:32,-08:00,2025-02-05T22:57:32-08:00,0,0
style.css,231,css,1808aa92,Jenny Xu,2025-02-05,22:57:32,-08:00,2025-02-05T22:57:32-08:00,0,0
style.css,232,css,1808aa92,Jenny Xu,2025-02-05,22:57:32,-08:00,2025-02-05T22:57:32-08:00,0,11
style.css,233,css,1808aa92,Jenny Xu,2025-02-05,22:57:32,-08:00,2025-02-05T22:57:32-08:00,0,13
style.css,234,css,1808aa92,Jenny Xu,2025-02-05,22:57:32,-08:00,2025-02-05T22:57:32-08:00,0,19
style.css,235,css,1808aa92,Jenny Xu,2025-02-05,22:57:32,-08:00,2025-02-05T22:57:32-08:00,0,10
style.css,236,css,10a75095,Jenny Xu,2025-02-07,15:31:32,-08:00,2025-02-07T15:31:32-08:00,0,20
style.css,237,css,1808aa92,Jenny Xu,2025-02-05,22:57:32,-08:00,2025-02-05T22:57:32-08:00,0,16
style.css,238,css,10a75095,Jenny Xu,2025-02-07,15:31:32,-08:00,2025-02-07T15:31:32-08:00,0,15
style.css,239,css,1808aa92,Jenny Xu,2025-02-05,22:57:32,-08:00,2025-02-05T22:57:32-08:00,0,0
style.css,240,css,1808aa92,Jenny Xu,2025-02-05,22:57:32,-08:00,2025-02-05T22:57:32-08:00,0,0
style.css,241,css,1808aa92,Jenny Xu,2025-02-05,22:57:32,-08:00,2025-02-05T22:57:32-08:00,0,8
style.css,242,css,1808aa92,Jenny Xu,2025-02-05,22:57:32,-08:00,2025-02-05T22:57:32-08:00,0,12
style.css,243,css,1808aa92,Jenny Xu,2025-02-05,22:57:32,-08:00,2025-02-05T22:57:32-08:00,0,13
style.css,244,css,1808aa92,Jenny Xu,2025-02-05,22:57:32,-08:00,2025-02-05T22:57:32-08:00,0,30
style.css,245,css,1808aa92,Jenny Xu,2025-02-05,22:57:32,-08:00,2025-02-05T22:57:32-08:00,0,18
style.css,246,css,1808aa92,Jenny Xu,2025-02-05,22:57:32,-08:00,2025-02-05T22:57:32-08:00,0,22
style.css,247,css,1808aa92,Jenny Xu,2025-02-05,22:57:32,-08:00,2025-02-05T22:57:32-08:00,0,0
style.css,248,css,588df341,Jenny Xu,2025-01-16,11:51:00,-08:00,2025-01-16T11:51:00-08:00,0,0
style.css,249,css,1808aa92,Jenny Xu,2025-02-05,22:57:32,-08:00,2025-02-05T22:57:32-08:00,0,14
style.css,250,css,1808aa92,Jenny Xu,2025-02-05,22:57:32,-08:00,2025-02-05T22:57:32-08:00,0,18
style.css,251,css,1808aa92,Jenny Xu,2025-02-05,22:57:32,-08:00,2025-02-05T22:57:32-08:00,0,11
style.css,252,css,1808aa92,Jenny Xu,2025-02-05,22:57:32,-08:00,2025-02-05T22:57:32-08:00,0,0
style.css,253,css,a44c9d66,Jenny Xu,2025-01-24,14:43:15,-08:00,2025-01-24T14:43:15-08:00,0,0
style.css,254,css,1808aa92,Jenny Xu,2025-02-05,22:57:32,-08:00,2025-02-05T22:57:32-08:00,0,11
style.css,255,css,1808aa92,Jenny Xu,2025-02-05,22:57:32,-08:00,2025-02-05T22:57:32-08:00,0,13
style.css,256,css,1808aa92,Jenny Xu,2025-02-05,22:57:32,-08:00,2025-02-05T22:57:32-08:00,0,19
style.css,257,css,1808aa92,Jenny Xu,2025-02-05,22:57:32,-08:00,2025-02-05T22:57:32-08:00,0,8
style.css,258,css,1808aa92,Jenny Xu,2025-02-05,22:57:32,-08:00,2025-02-05T22:57:32-08:00,0,17
style.css,259,css,1808aa92,Jenny Xu,2025-02-05,22:57:32,-08:00,2025-02-05T22:57:32-08:00,0,13
style.css,260,css,1808aa92,Jenny Xu,2025-02-05,22:57:32,-08:00,2025-02-05T22:57:32-08:00,0,0
style.css,261,css,a44c9d66,Jenny Xu,2025-01-24,14:43:15,-08:00,2025-01-24T14:43:15-08:00,0,0
style.css,262,css,8bf22cf4,Jenny Xu,2025-02-06,09:54:11,-08:00,2025-02-06T09:54:11-08:00,0,11
style.css,263,css,8bf22cf4,Jenny Xu,2025-02-06,09:54:11,-08:00,2025-02-06T09:54:11-08:00,0,11
style.css,264,css,cfae11ac,Jenny Xu,2025-02-06,14:07:38,-08:00,2025-02-06T14:07:38-08:00,0,16
style.css,265,css,8bf22cf4,Jenny Xu,2025-02-06,09:54:11,-08:00,2025-02-06T09:54:11-08:00,0,13
style.css,266,css,8bf22cf4,Jenny Xu,2025-02-06,09:54:11,-08:00,2025-02-06T09:54:11-08:00,0,15
style.css,267,css,8bf22cf4,Jenny Xu,2025-02-06,09:54:11,-08:00,2025-02-06T09:54:11-08:00,0,22
style.css,268,css,8bf22cf4,Jenny Xu,2025-02-06,09:54:11,-08:00,2025-02-06T09:54:11-08:00,0,18
style.css,269,css,cfae11ac,Jenny Xu,2025-02-06,14:07:38,-08:00,2025-02-06T14:07:38-08:00,0,22
style.css,270,css,cfae11ac,Jenny Xu,2025-02-06,14:07:38,-08:00,2025-02-06T14:07:38-08:00,0,14
style.css,271,css,cfae11ac,Jenny Xu,2025-02-06,14:07:38,-08:00,2025-02-06T14:07:38-08:00,0,14
style.css,272,css,cfae11ac,Jenny Xu,2025-02-06,14:07:38,-08:00,2025-02-06T14:07:38-08:00,0,0
style.css,273,css,cfae11ac,Jenny Xu,2025-02-06,14:07:38,-08:00,2025-02-06T14:07:38-08:00,0,0
style.css,274,css,94f4e7ed,Jenny Xu,2025-02-06,15:44:22,-08:00,2025-02-06T15:44:22-08:00,0,18
style.css,275,css,cfae11ac,Jenny Xu,2025-02-06,14:07:38,-08:00,2025-02-06T14:07:38-08:00,0,17
style.css,276,css,cfae11ac,Jenny Xu,2025-02-06,14:07:38,-08:00,2025-02-06T14:07:38-08:00,0,12
style.css,277,css,cfae11ac,Jenny Xu,2025-02-06,14:07:38,-08:00,2025-02-06T14:07:38-08:00,0,0
style.css,278,css,cfae11ac,Jenny Xu,2025-02-06,14:07:38,-08:00,2025-02-06T14:07:38-08:00,0,0
style.css,279,css,cfae11ac,Jenny Xu,2025-02-06,14:07:38,-08:00,2025-02-06T14:07:38-08:00,0,0
style.css,280,css,cfae11ac,Jenny Xu,2025-02-06,14:07:38,-08:00,2025-02-06T14:07:38-08:00,0,5
style.css,281,css,cfae11ac,Jenny Xu,2025-02-06,14:07:38,-08:00,2025-02-06T14:07:38-08:00,0,17
style.css,282,css,cfae11ac,Jenny Xu,2025-02-06,14:07:38,-08:00,2025-02-06T14:07:38-08:00,0,15
style.css,283,css,8bf22cf4,Jenny Xu,2025-02-06,09:54:11,-08:00,2025-02-06T09:54:11-08:00,0,0
style.css,284,css,94f4e7ed,Jenny Xu,2025-02-06,15:44:22,-08:00,2025-02-06T15:44:22-08:00,0,0
style.css,285,css,94f4e7ed,Jenny Xu,2025-02-06,15:44:22,-08:00,2025-02-06T15:44:22-08:00,0,10
style.css,286,css,00000000,Not Committed Yet,2025-02-11,21:49:38,-08:00,2025-02-11T21:49:38-08:00,0,36
style.css,287,css,00000000,Not Committed Yet,2025-02-11,21:49:38,-08:00,2025-02-11T21:49:38-08:00,0,18
style.css,288,css,10a75095,Jenny Xu,2025-02-07,15:31:32,-08:00,2025-02-07T15:31:32-08:00,0,17
style.css,289,css,94f4e7ed,Jenny Xu,2025-02-06,15:44:22,-08:00,2025-02-06T15:44:22-08:00,0,0
style.css,290,css,94f4e7ed,Jenny Xu,2025-02-06,15:44:22,-08:00,2025-02-06T15:44:22-08:00,0,11
style.css,291,css,94f4e7ed,Jenny Xu,2025-02-06,15:44:22,-08:00,2025-02-06T15:44:22-08:00,0,18
style.css,292,css,94f4e7ed,Jenny Xu,2025-02-06,15:44:22,-08:00,2025-02-06T15:44:22-08:00,0,0
style.css,293,css,6b16fd7f,Jenny Xu,2025-02-07,17:22:45,-08:00,2025-02-07T17:22:45-08:00,0,0
style.css,294,css,6b16fd7f,Jenny Xu,2025-02-07,17:22:45,-08:00,2025-02-07T17:22:45-08:00,0,0
style.css,295,css,6b16fd7f,Jenny Xu,2025-02-07,17:22:45,-08:00,2025-02-07T17:22:45-08:00,0,11
style.css,296,css,6b16fd7f,Jenny Xu,2025-02-07,17:22:45,-08:00,2025-02-07T17:22:45-08:00,0,12
style.css,297,css,6b16fd7f,Jenny Xu,2025-02-07,17:22:45,-08:00,2025-02-07T17:22:45-08:00,0,0
style.css,298,css,6b16fd7f,Jenny Xu,2025-02-07,17:22:45,-08:00,2025-02-07T17:22:45-08:00,0,0
style.css,299,css,6b16fd7f,Jenny Xu,2025-02-07,17:22:45,-08:00,2025-02-07T17:22:45-08:00,0,14
style.css,300,css,6b16fd7f,Jenny Xu,2025-02-07,17:22:45,-08:00,2025-02-07T17:22:45-08:00,0,10
style.css,301,css,94f4e7ed,Jenny Xu,2025-02-06,15:44:22,-08:00,2025-02-06T15:44:22-08:00,0,0
index.js,1,js,7feabfab,Jenny Xu,2025-01-31,15:31:35,-08:00,2025-01-31T15:31:35-08:00,0,72
index.js,2,js,68b362fb,Jenny Xu,2025-01-30,14:03:58,-08:00,2025-01-30T14:03:58-08:00,0,0
index.js,3,js,68b362fb,Jenny Xu,2025-01-30,14:03:58,-08:00,2025-01-30T14:03:58-08:00,0,0
index.js,4,js,2315f362,Jenny Xu,2025-01-31,15:35:06,-08:00,2025-01-31T15:35:06-08:00,0,53
index.js,5,js,68b362fb,Jenny Xu,2025-01-30,14:03:58,-08:00,2025-01-30T14:03:58-08:00,0,43
index.js,6,js,68b362fb,Jenny Xu,2025-01-30,14:03:58,-08:00,2025-01-30T14:03:58-08:00,0,0
index.js,7,js,68b362fb,Jenny Xu,2025-01-30,14:03:58,-08:00,2025-01-30T14:03:58-08:00,0,61
index.js,8,js,68b362fb,Jenny Xu,2025-01-30,14:03:58,-08:00,2025-01-30T14:03:58-08:00,0,0
index.js,9,js,2a52e4c7,Jenny Xu,2025-01-31,14:59:13,-08:00,2025-01-31T14:59:13-08:00,0,55
index.js,10,js,68b362fb,Jenny Xu,2025-01-30,14:03:58,-08:00,2025-01-30T14:03:58-08:00,0,0
index.js,11,js,68b362fb,Jenny Xu,2025-01-30,14:03:58,-08:00,2025-01-30T14:03:58-08:00,0,0
index.js,12,js,68b362fb,Jenny Xu,2025-01-30,14:03:58,-08:00,2025-01-30T14:03:58-08:00,0,29
index.js,13,js,68b362fb,Jenny Xu,2025-01-30,14:03:58,-08:00,2025-01-30T14:03:58-08:00,0,50
index.js,14,js,68b362fb,Jenny Xu,2025-01-30,14:03:58,-08:00,2025-01-30T14:03:58-08:00,0,0
index.js,15,js,68b362fb,Jenny Xu,2025-01-30,14:03:58,-08:00,2025-01-30T14:03:58-08:00,0,61
index.js,16,js,68b362fb,Jenny Xu,2025-01-30,14:03:58,-08:00,2025-01-30T14:03:58-08:00,0,0
index.js,17,js,68b362fb,Jenny Xu,2025-01-30,14:03:58,-08:00,2025-01-30T14:03:58-08:00,0,18
index.js,18,js,68b362fb,Jenny Xu,2025-01-30,14:03:58,-08:00,2025-01-30T14:03:58-08:00,0,25
index.js,19,js,68b362fb,Jenny Xu,2025-01-30,14:03:58,-08:00,2025-01-30T14:03:58-08:00,0,3
index.js,20,js,68b362fb,Jenny Xu,2025-01-30,14:03:58,-08:00,2025-01-30T14:03:58-08:00,0,56
index.js,21,js,68b362fb,Jenny Xu,2025-01-30,14:03:58,-08:00,2025-01-30T14:03:58-08:00,0,56
index.js,22,js,68b362fb,Jenny Xu,2025-01-30,14:03:58,-08:00,2025-01-30T14:03:58-08:00,0,50
index.js,23,js,68b362fb,Jenny Xu,2025-01-30,14:03:58,-08:00,2025-01-30T14:03:58-08:00,0,50
index.js,24,js,68b362fb,Jenny Xu,2025-01-30,14:03:58,-08:00,2025-01-30T14:03:58-08:00,0,4
index.js,25,js,68b362fb,Jenny Xu,2025-01-30,14:03:58,-08:00,2025-01-30T14:03:58-08:00,0,1
index.js,26,js,68b362fb,Jenny Xu,2025-01-30,14:03:58,-08:00,2025-01-30T14:03:58-08:00,0,0
index.html,1,html,9a02ae4a,Jenny Xu,2025-01-10,15:31:34,-08:00,2025-01-10T15:31:34-08:00,0,14
index.html,2,html,9a02ae4a,Jenny Xu,2025-01-10,15:31:34,-08:00,2025-01-10T15:31:34-08:00,0,15
index.html,3,html,9a02ae4a,Jenny Xu,2025-01-10,15:31:34,-08:00,2025-01-10T15:31:34-08:00,0,5
index.html,4,html,9a02ae4a,Jenny Xu,2025-01-10,15:31:34,-08:00,2025-01-10T15:31:34-08:00,0,21
index.html,5,html,9a02ae4a,Jenny Xu,2025-01-10,15:31:34,-08:00,2025-01-10T15:31:34-08:00,0,69
index.html,6,html,9a02ae4a,Jenny Xu,2025-01-10,15:31:34,-08:00,2025-01-10T15:31:34-08:00,0,51
index.html,7,html,0ee5c6a7,Jenny Xu,2025-01-10,17:51:44,-08:00,2025-01-10T17:51:44-08:00,0,39
index.html,8,html,fa785145,Jenny Xu,2025-01-23,16:10:30,-08:00,2025-01-23T16:10:30-08:00,0,46
index.html,9,html,9a02ae4a,Jenny Xu,2025-01-10,15:31:34,-08:00,2025-01-10T15:31:34-08:00,0,6
index.html,10,html,d63efb10,Jenny Xu,2025-01-16,10:39:04,-08:00,2025-01-16T10:39:04-08:00,0,79
index.html,11,html,9a02ae4a,Jenny Xu,2025-01-10,15:31:34,-08:00,2025-01-10T15:31:34-08:00,0,16
index.html,12,html,9a02ae4a,Jenny Xu,2025-01-10,15:31:34,-08:00,2025-01-10T15:31:34-08:00,0,2
index.html,13,html,9a02ae4a,Jenny Xu,2025-01-10,15:31:34,-08:00,2025-01-10T15:31:34-08:00,0,78
index.html,14,html,9a02ae4a,Jenny Xu,2025-01-10,15:31:34,-08:00,2025-01-10T15:31:34-08:00,0,3
index.html,15,html,7902c2fd,Jenny Xu,2025-01-10,16:05:44,-08:00,2025-01-10T16:05:44-08:00,0,4
index.html,16,html,20c8362b,Jenny Xu,2025-01-10,17:53:45,-08:00,2025-01-10T17:53:45-08:00,0,69
index.html,17,html,20c8362b,Jenny Xu,2025-01-10,17:53:45,-08:00,2025-01-10T17:53:45-08:00,0,10
index.html,18,html,20c8362b,Jenny Xu,2025-01-10,17:53:45,-08:00,2025-01-10T17:53:45-08:00,0,12
index.html,19,html,7902c2fd,Jenny Xu,2025-01-10,16:05:44,-08:00,2025-01-10T16:05:44-08:00,0,5
index.html,20,html,68b362fb,Jenny Xu,2025-01-30,14:03:58,-08:00,2025-01-30T14:03:58-08:00,0,26
index.html,21,html,68b362fb,Jenny Xu,2025-01-30,14:03:58,-08:00,2025-01-30T14:03:58-08:00,0,27
index.html,22,html,3b898f44,Jenny Xu,2025-01-30,15:13:16,-08:00,2025-01-30T15:13:16-08:00,0,23
index.html,23,html,2a52e4c7,Jenny Xu,2025-01-31,14:59:13,-08:00,2025-01-31T14:59:13-08:00,0,29
index.html,24,html,7feabfab,Jenny Xu,2025-01-31,15:31:35,-08:00,2025-01-31T15:31:35-08:00,0,48
index.html,25,html,7feabfab,Jenny Xu,2025-01-31,15:31:35,-08:00,2025-01-31T15:31:35-08:00,0,47
index.html,26,html,9a02ae4a,Jenny Xu,2025-01-10,15:31:34,-08:00,2025-01-10T15:31:34-08:00,0,6
index.html,27,html,9a02ae4a,Jenny Xu,2025-01-10,15:31:34,-08:00,2025-01-10T15:31:34-08:00,0,6
global.js,1,js,fa785145,Jenny Xu,2025-01-23,16:10:30,-08:00,2025-01-23T16:10:30-08:00,0,26
global.js,2,js,fa785145,Jenny Xu,2025-01-23,16:10:30,-08:00,2025-01-23T16:10:30-08:00,0,0
global.js,3,js,fa785145,Jenny Xu,2025-01-23,16:10:30,-08:00,2025-01-23T16:10:30-08:00,0,14
global.js,4,js,fa785145,Jenny Xu,2025-01-23,16:10:30,-08:00,2025-01-23T16:10:30-08:00,0,26
global.js,5,js,fa785145,Jenny Xu,2025-01-23,16:10:30,-08:00,2025-01-23T16:10:30-08:00,0,39
global.js,6,js,fa785145,Jenny Xu,2025-01-23,16:10:30,-08:00,2025-01-23T16:10:30-08:00,0,37
global.js,7,js,fa785145,Jenny Xu,2025-01-23,16:10:30,-08:00,2025-01-23T16:10:30-08:00,0,27
global.js,8,js,00000000,Not Committed Yet,2025-02-11,21:49:38,-08:00,2025-02-11T21:49:38-08:00,0,31
global.js,9,js,fa785145,Jenny Xu,2025-01-23,16:10:30,-08:00,2025-01-23T16:10:30-08:00,0,52
global.js,10,js,fa785145,Jenny Xu,2025-01-23,16:10:30,-08:00,2025-01-23T16:10:30-08:00,0,1
global.js,11,js,fa785145,Jenny Xu,2025-01-23,16:10:30,-08:00,2025-01-23T16:10:30-08:00,0,0
global.js,12,js,e2591853,Jenny Xu,2025-01-24,15:33:00,-08:00,2025-01-24T15:33:00-08:00,0,34
global.js,13,js,e2591853,Jenny Xu,2025-01-24,15:33:00,-08:00,2025-01-24T15:33:00-08:00,0,118
global.js,14,js,e2591853,Jenny Xu,2025-01-24,15:33:00,-08:00,2025-01-24T15:33:00-08:00,0,98
global.js,15,js,fa785145,Jenny Xu,2025-01-23,16:10:30,-08:00,2025-01-23T16:10:30-08:00,0,71
global.js,16,js,fa785145,Jenny Xu,2025-01-23,16:10:30,-08:00,2025-01-23T16:10:30-08:00,0,0
global.js,17,js,fa785145,Jenny Xu,2025-01-23,16:10:30,-08:00,2025-01-23T16:10:30-08:00,0,36
global.js,18,js,fa785145,Jenny Xu,2025-01-23,16:10:30,-08:00,2025-01-23T16:10:30-08:00,0,39
global.js,19,js,fa785145,Jenny Xu,2025-01-23,16:10:30,-08:00,2025-01-23T16:10:30-08:00,0,26
global.js,20,js,fa785145,Jenny Xu,2025-01-23,16:10:30,-08:00,2025-01-23T16:10:30-08:00,0,0
global.js,21,js,fa785145,Jenny Xu,2025-01-23,16:10:30,-08:00,2025-01-23T16:10:30-08:00,0,21
global.js,22,js,fa785145,Jenny Xu,2025-01-23,16:10:30,-08:00,2025-01-23T16:10:30-08:00,0,15
global.js,23,js,fa785145,Jenny Xu,2025-01-23,16:10:30,-08:00,2025-01-23T16:10:30-08:00,0,19
global.js,24,js,fa785145,Jenny Xu,2025-01-23,16:10:30,-08:00,2025-01-23T16:10:30-08:00,0,0
global.js,25,js,e2591853,Jenny Xu,2025-01-24,15:33:00,-08:00,2025-01-24T15:33:00-08:00,0,48
global.js,26,js,e2591853,Jenny Xu,2025-01-24,15:33:00,-08:00,2025-01-24T15:33:00-08:00,0,75
global.js,27,js,fa785145,Jenny Xu,2025-01-23,16:10:30,-08:00,2025-01-23T16:10:30-08:00,0,0
global.js,28,js,fa785145,Jenny Xu,2025-01-23,16:10:30,-08:00,2025-01-23T16:10:30-08:00,0,17
global.js,29,js,fa785145,Jenny Xu,2025-01-23,16:10:30,-08:00,2025-01-23T16:10:30-08:00,0,35
global.js,30,js,fa785145,Jenny Xu,2025-01-23,16:10:30,-08:00,2025-01-23T16:10:30-08:00,0,12
global.js,31,js,fa785145,Jenny Xu,2025-01-23,16:10:30,-08:00,2025-01-23T16:10:30-08:00,0,21
global.js,32,js,fa785145,Jenny Xu,2025-01-23,16:10:30,-08:00,2025-01-23T16:10:30-08:00,0,0
global.js,33,js,fa785145,Jenny Xu,2025-01-23,16:10:30,-08:00,2025-01-23T16:10:30-08:00,0,28
global.js,34,js,e2591853,Jenny Xu,2025-01-24,15:33:00,-08:00,2025-01-24T15:33:00-08:00,0,50
global.js,35,js,e2591853,Jenny Xu,2025-01-24,15:33:00,-08:00,2025-01-24T15:33:00-08:00,0,18
global.js,36,js,e2591853,Jenny Xu,2025-01-24,15:33:00,-08:00,2025-01-24T15:33:00-08:00,0,25
global.js,37,js,fa785145,Jenny Xu,2025-01-23,16:10:30,-08:00,2025-01-23T16:10:30-08:00,0,66
global.js,38,js,fa785145,Jenny Xu,2025-01-23,16:10:30,-08:00,2025-01-23T16:10:30-08:00,0,26
global.js,39,js,fa785145,Jenny Xu,2025-01-23,16:10:30,-08:00,2025-01-23T16:10:30-08:00,0,0
global.js,40,js,fa785145,Jenny Xu,2025-01-23,16:10:30,-08:00,2025-01-23T16:10:30-08:00,0,0
global.js,41,js,fa785145,Jenny Xu,2025-01-23,16:10:30,-08:00,2025-01-23T16:10:30-08:00,0,34
global.js,42,js,e2591853,Jenny Xu,2025-01-24,15:33:00,-08:00,2025-01-24T15:33:00-08:00,0,56
global.js,43,js,fa785145,Jenny Xu,2025-01-23,16:10:30,-08:00,2025-01-23T16:10:30-08:00,0,19
global.js,44,js,fa785145,Jenny Xu,2025-01-23,16:10:30,-08:00,2025-01-23T16:10:30-08:00,0,0
global.js,45,js,fa785145,Jenny Xu,2025-01-23,16:10:30,-08:00,2025-01-23T16:10:30-08:00,0,0
global.js,46,js,fa785145,Jenny Xu,2025-01-23,16:10:30,-08:00,2025-01-23T16:10:30-08:00,0,32
global.js,47,js,fa785145,Jenny Xu,2025-01-23,16:10:30,-08:00,2025-01-23T16:10:30-08:00,0,13
global.js,48,js,fa785145,Jenny Xu,2025-01-23,16:10:30,-08:00,2025-01-23T16:10:30-08:00,0,0
global.js,49,js,a3e0e722,Jenny Xu,2025-01-24,11:32:32,-08:00,2025-01-24T11:32:32-08:00,0,0
global.js,50,js,e2591853,Jenny Xu,2025-01-24,15:33:00,-08:00,2025-01-24T15:33:00-08:00,0,0
global.js,51,js,a3e0e722,Jenny Xu,2025-01-24,11:32:32,-08:00,2025-01-24T11:32:32-08:00,0,24
global.js,52,js,a3e0e722,Jenny Xu,2025-01-24,11:32:32,-08:00,2025-01-24T11:32:32-08:00,0,32
global.js,53,js,a3e0e722,Jenny Xu,2025-01-24,11:32:32,-08:00,2025-01-24T11:32:32-08:00,0,12
global.js,54,js,a3e0e722,Jenny Xu,2025-01-24,11:32:32,-08:00,2025-01-24T11:32:32-08:00,0,0
global.js,55,js,a3e0e722,Jenny Xu,2025-01-24,11:32:32,-08:00,2025-01-24T11:32:32-08:00,0,27
global.js,56,js,a3e0e722,Jenny Xu,2025-01-24,11:32:32,-08:00,2025-01-24T11:32:32-08:00,0,5
global.js,57,js,a3e0e722,Jenny Xu,2025-01-24,11:32:32,-08:00,2025-01-24T11:32:32-08:00,0,27
global.js,58,js,a3e0e722,Jenny Xu,2025-01-24,11:32:32,-08:00,2025-01-24T11:32:32-08:00,0,44
global.js,59,js,a3e0e722,Jenny Xu,2025-01-24,11:32:32,-08:00,2025-01-24T11:32:32-08:00,0,35
global.js,60,js,a3e0e722,Jenny Xu,2025-01-24,11:32:32,-08:00,2025-01-24T11:32:32-08:00,0,33
global.js,61,js,a3e0e722,Jenny Xu,2025-01-24,11:32:32,-08:00,2025-01-24T11:32:32-08:00,0,8
global.js,62,js,a3e0e722,Jenny Xu,2025-01-24,11:32:32,-08:00,2025-01-24T11:32:32-08:00,0,7
global.js,63,js,a3e0e722,Jenny Xu,2025-01-24,11:32:32,-08:00,2025-01-24T11:32:32-08:00,0,2
global.js,64,js,a3e0e722,Jenny Xu,2025-01-24,11:32:32,-08:00,2025-01-24T11:32:32-08:00,0,0
global.js,65,js,a3e0e722,Jenny Xu,2025-01-24,11:32:32,-08:00,2025-01-24T11:32:32-08:00,0,24
global.js,66,js,a3e0e722,Jenny Xu,2025-01-24,11:32:32,-08:00,2025-01-24T11:32:32-08:00,0,63
global.js,67,js,a3e0e722,Jenny Xu,2025-01-24,11:32:32,-08:00,2025-01-24T11:32:32-08:00,0,52
global.js,68,js,a3e0e722,Jenny Xu,2025-01-24,11:32:32,-08:00,2025-01-24T11:32:32-08:00,0,63
global.js,69,js,a3e0e722,Jenny Xu,2025-01-24,11:32:32,-08:00,2025-01-24T11:32:32-08:00,0,49
global.js,70,js,a3e0e722,Jenny Xu,2025-01-24,11:32:32,-08:00,2025-01-24T11:32:32-08:00,0,2
global.js,71,js,a3e0e722,Jenny Xu,2025-01-24,11:32:32,-08:00,2025-01-24T11:32:32-08:00,0,0
global.js,72,js,a3e0e722,Jenny Xu,2025-01-24,11:32:32,-08:00,2025-01-24T11:32:32-08:00,0,36
global.js,73,js,a3e0e722,Jenny Xu,2025-01-24,11:32:32,-08:00,2025-01-24T11:32:32-08:00,0,48
global.js,74,js,a3e0e722,Jenny Xu,2025-01-24,11:32:32,-08:00,2025-01-24T11:32:32-08:00,0,16
global.js,75,js,a3e0e722,Jenny Xu,2025-01-24,11:32:32,-08:00,2025-01-24T11:32:32-08:00,0,32
global.js,76,js,a3e0e722,Jenny Xu,2025-01-24,11:32:32,-08:00,2025-01-24T11:32:32-08:00,0,55
global.js,77,js,b04ce4d7,Jenny Xu,2025-01-29,09:35:33,-08:00,2025-01-29T09:35:33-08:00,0,0
global.js,78,js,b04ce4d7,Jenny Xu,2025-01-29,09:35:33,-08:00,2025-01-29T09:35:33-08:00,0,0
global.js,79,js,b04ce4d7,Jenny Xu,2025-01-29,09:35:33,-08:00,2025-01-29T09:35:33-08:00,0,37
global.js,80,js,b04ce4d7,Jenny Xu,2025-01-29,09:35:33,-08:00,2025-01-29T09:35:33-08:00,0,4
global.js,81,js,b04ce4d7,Jenny Xu,2025-01-29,09:35:33,-08:00,2025-01-29T09:35:33-08:00,0,40
global.js,82,js,b04ce4d7,Jenny Xu,2025-01-29,09:35:33,-08:00,2025-01-29T09:35:33-08:00,0,33
global.js,83,js,b04ce4d7,Jenny Xu,2025-01-29,09:35:33,-08:00,2025-01-29T09:35:33-08:00,0,0
global.js,84,js,b04ce4d7,Jenny Xu,2025-01-29,09:35:33,-08:00,2025-01-29T09:35:33-08:00,0,35
global.js,85,js,b04ce4d7,Jenny Xu,2025-01-29,09:35:33,-08:00,2025-01-29T09:35:33-08:00,0,18
global.js,86,js,b04ce4d7,Jenny Xu,2025-01-29,09:35:33,-08:00,2025-01-29T09:35:33-08:00,0,67
global.js,87,js,b04ce4d7,Jenny Xu,2025-01-29,09:35:33,-08:00,2025-01-29T09:35:33-08:00,0,0
global.js,88,js,b04ce4d7,Jenny Xu,2025-01-29,09:35:33,-08:00,2025-01-29T09:35:33-08:00,0,0
global.js,89,js,b04ce4d7,Jenny Xu,2025-01-29,09:35:33,-08:00,2025-01-29T09:35:33-08:00,0,20
global.js,90,js,b04ce4d7,Jenny Xu,2025-01-29,09:35:33,-08:00,2025-01-29T09:35:33-08:00,0,0
global.js,91,js,b04ce4d7,Jenny Xu,2025-01-29,09:35:33,-08:00,2025-01-29T09:35:33-08:00,0,25
global.js,92,js,b04ce4d7,Jenny Xu,2025-01-29,09:35:33,-08:00,2025-01-29T09:35:33-08:00,0,34
global.js,93,js,b04ce4d7,Jenny Xu,2025-01-29,09:35:33,-08:00,2025-01-29T09:35:33-08:00,0,34
global.js,94,js,b04ce4d7,Jenny Xu,2025-01-29,09:35:33,-08:00,2025-01-29T09:35:33-08:00,0,11
global.js,95,js,b04ce4d7,Jenny Xu,2025-01-29,09:35:33,-08:00,2025-01-29T09:35:33-08:00,0,0
global.js,96,js,b04ce4d7,Jenny Xu,2025-01-29,09:35:33,-08:00,2025-01-29T09:35:33-08:00,0,16
global.js,97,js,b04ce4d7,Jenny Xu,2025-01-29,09:35:33,-08:00,2025-01-29T09:35:33-08:00,0,60
global.js,98,js,b04ce4d7,Jenny Xu,2025-01-29,09:35:33,-08:00,2025-01-29T09:35:33-08:00,0,0
global.js,99,js,b04ce4d7,Jenny Xu,2025-01-29,09:35:33,-08:00,2025-01-29T09:35:33-08:00,0,0
global.js,100,js,b04ce4d7,Jenny Xu,2025-01-29,09:35:33,-08:00,2025-01-29T09:35:33-08:00,0,0
global.js,101,js,ebacd3fc,Jenny Xu,2025-01-29,13:08:28,-08:00,2025-01-29T13:08:28-08:00,0,80
global.js,102,js,ebacd3fc,Jenny Xu,2025-01-29,13:08:28,-08:00,2025-01-29T13:08:28-08:00,0,0
global.js,103,js,ebacd3fc,Jenny Xu,2025-01-29,13:08:28,-08:00,2025-01-29T13:08:28-08:00,0,40
global.js,104,js,b04ce4d7,Jenny Xu,2025-01-29,09:35:33,-08:00,2025-01-29T09:35:33-08:00,0,0
global.js,105,js,b04ce4d7,Jenny Xu,2025-01-29,09:35:33,-08:00,2025-01-29T09:35:33-08:00,0,48
global.js,106,js,b04ce4d7,Jenny Xu,2025-01-29,09:35:33,-08:00,2025-01-29T09:35:33-08:00,0,61
global.js,107,js,b04ce4d7,Jenny Xu,2025-01-29,09:35:33,-08:00,2025-01-29T09:35:33-08:00,0,6
global.js,108,js,b04ce4d7,Jenny Xu,2025-01-29,09:35:33,-08:00,2025-01-29T09:35:33-08:00,0,0
global.js,109,js,68b362fb,Jenny Xu,2025-01-30,14:03:58,-08:00,2025-01-30T14:03:58-08:00,0,0
global.js,110,js,68b362fb,Jenny Xu,2025-01-30,14:03:58,-08:00,2025-01-30T14:03:58-08:00,0,36
global.js,111,js,68b362fb,Jenny Xu,2025-01-30,14:03:58,-08:00,2025-01-30T14:03:58-08:00,0,63
global.js,112,js,68b362fb,Jenny Xu,2025-01-30,14:03:58,-08:00,2025-01-30T14:03:58-08:00,0,19
global.js,113,js,68b362fb,Jenny Xu,2025-01-30,14:03:58,-08:00,2025-01-30T14:03:58-08:00,0,57
global.js,114,js,68b362fb,Jenny Xu,2025-01-30,14:03:58,-08:00,2025-01-30T14:03:58-08:00,0,0
global.js,115,js,ebacd3fc,Jenny Xu,2025-01-29,13:08:28,-08:00,2025-01-29T13:08:28-08:00,0,0
global.js,116,js,ebacd3fc,Jenny Xu,2025-01-29,13:08:28,-08:00,2025-01-29T13:08:28-08:00,0,24
global.js,117,js,b04ce4d7,Jenny Xu,2025-01-29,09:35:33,-08:00,2025-01-29T09:35:33-08:00,0,31
global.js,118,js,b04ce4d7,Jenny Xu,2025-01-29,09:35:33,-08:00,2025-01-29T09:35:33-08:00,0,0
global.js,119,js,b04ce4d7,Jenny Xu,2025-01-29,09:35:33,-08:00,2025-01-29T09:35:33-08:00,0,47
global.js,120,js,b04ce4d7,Jenny Xu,2025-01-29,09:35:33,-08:00,2025-01-29T09:35:33-08:00,0,36
global.js,121,js,b04ce4d7,Jenny Xu,2025-01-29,09:35:33,-08:00,2025-01-29T09:35:33-08:00,0,74
global.js,122,js,b04ce4d7,Jenny Xu,2025-01-29,09:35:33,-08:00,2025-01-29T09:35:33-08:00,0,19
global.js,123,js,b04ce4d7,Jenny Xu,2025-01-29,09:35:33,-08:00,2025-01-29T09:35:33-08:00,0,0
global.js,124,js,ebacd3fc,Jenny Xu,2025-01-29,13:08:28,-08:00,2025-01-29T13:08:28-08:00,0,0
global.js,125,js,ebacd3fc,Jenny Xu,2025-01-29,13:08:28,-08:00,2025-01-29T13:08:28-08:00,0,50
global.js,126,js,ebacd3fc,Jenny Xu,2025-01-29,13:08:28,-08:00,2025-01-29T13:08:28-08:00,0,28
global.js,127,js,ebacd3fc,Jenny Xu,2025-01-29,13:08:28,-08:00,2025-01-29T13:08:28-08:00,0,49
global.js,128,js,ebacd3fc,Jenny Xu,2025-01-29,13:08:28,-08:00,2025-01-29T13:08:28-08:00,0,0
global.js,129,js,ebacd3fc,Jenny Xu,2025-01-29,13:08:28,-08:00,2025-01-29T13:08:28-08:00,0,32
global.js,130,js,2a52e4c7,Jenny Xu,2025-01-31,14:59:13,-08:00,2025-01-31T14:59:13-08:00,0,55
global.js,131,js,2a52e4c7,Jenny Xu,2025-01-31,14:59:13,-08:00,2025-01-31T14:59:13-08:00,0,38
global.js,132,js,ebacd3fc,Jenny Xu,2025-01-29,13:08:28,-08:00,2025-01-29T13:08:28-08:00,0,0
global.js,133,js,68b362fb,Jenny Xu,2025-01-30,14:03:58,-08:00,2025-01-30T14:03:58-08:00,0,20
global.js,134,js,2a52e4c7,Jenny Xu,2025-01-31,14:59:13,-08:00,2025-01-31T14:59:13-08:00,0,50
global.js,135,js,68b362fb,Jenny Xu,2025-01-30,14:03:58,-08:00,2025-01-30T14:03:58-08:00,0,50
global.js,136,js,f1ccee4a,Jenny Xu,2025-02-04,15:00:49,-08:00,2025-02-04T15:00:49-08:00,0,4
global.js,137,js,f1ccee4a,Jenny Xu,2025-02-04,15:00:49,-08:00,2025-02-04T15:00:49-08:00,0,28
global.js,138,js,f1ccee4a,Jenny Xu,2025-02-04,15:00:49,-08:00,2025-02-04T15:00:49-08:00,0,34
global.js,139,js,f1ccee4a,Jenny Xu,2025-02-04,15:00:49,-08:00,2025-02-04T15:00:49-08:00,0,5
global.js,140,js,68b362fb,Jenny Xu,2025-01-30,14:03:58,-08:00,2025-01-30T14:03:58-08:00,0,1
global.js,141,js,68b362fb,Jenny Xu,2025-01-30,14:03:58,-08:00,2025-01-30T14:03:58-08:00,0,0
global.js,142,js,ebacd3fc,Jenny Xu,2025-01-29,13:08:28,-08:00,2025-01-29T13:08:28-08:00,0,37
global.js,143,js,ebacd3fc,Jenny Xu,2025-01-29,13:08:28,-08:00,2025-01-29T13:08:28-08:00,0,37
global.js,144,js,ebacd3fc,Jenny Xu,2025-01-29,13:08:28,-08:00,2025-01-29T13:08:28-08:00,0,2
global.js,145,js,b04ce4d7,Jenny Xu,2025-01-29,09:35:33,-08:00,2025-01-29T09:35:33-08:00,0,0
global.js,146,js,b04ce4d7,Jenny Xu,2025-01-29,09:35:33,-08:00,2025-01-29T09:35:33-08:00,0,0
global.js,147,js,68b362fb,Jenny Xu,2025-01-30,14:03:58,-08:00,2025-01-30T14:03:58-08:00,0,48
global.js,148,js,68b362fb,Jenny Xu,2025-01-30,14:03:58,-08:00,2025-01-30T14:03:58-08:00,0,60
global.js,149,js,68b362fb,Jenny Xu,2025-01-30,14:03:58,-08:00,2025-01-30T14:03:58-08:00,0,0
projects\projects.js,1,js,477d9d11,Jenny Xu,2025-02-06,09:31:14,-08:00,2025-02-06T09:31:14-08:00,0,60
projects\projects.js,2,js,b04ce4d7,Jenny Xu,2025-01-29,09:35:33,-08:00,2025-01-29T09:35:33-08:00,0,56
projects\projects.js,3,js,b04ce4d7,Jenny Xu,2025-01-29,09:35:33,-08:00,2025-01-29T09:35:33-08:00,0,0
projects\projects.js,4,js,477d9d11,Jenny Xu,2025-02-06,09:31:14,-08:00,2025-02-06T09:31:14-08:00,0,56
projects\projects.js,5,js,8bf22cf4,Jenny Xu,2025-02-06,09:54:11,-08:00,2025-02-06T09:54:11-08:00,0,0
projects\projects.js,6,js,477d9d11,Jenny Xu,2025-02-06,09:31:14,-08:00,2025-02-06T09:31:14-08:00,0,21
projects\projects.js,7,js,ebacd3fc,Jenny Xu,2025-01-29,13:08:28,-08:00,2025-01-29T13:08:28-08:00,0,0
projects\projects.js,8,js,8bf22cf4,Jenny Xu,2025-02-06,09:54:11,-08:00,2025-02-06T09:54:11-08:00,0,27
projects\projects.js,9,js,b04ce4d7,Jenny Xu,2025-01-29,09:35:33,-08:00,2025-01-29T09:35:33-08:00,0,61
projects\projects.js,10,js,477d9d11,Jenny Xu,2025-02-06,09:31:14,-08:00,2025-02-06T09:31:14-08:00,0,56
projects\projects.js,11,js,8bf22cf4,Jenny Xu,2025-02-06,09:54:11,-08:00,2025-02-06T09:54:11-08:00,0,28
projects\projects.js,12,js,8bf22cf4,Jenny Xu,2025-02-06,09:54:11,-08:00,2025-02-06T09:54:11-08:00,0,35
projects\projects.js,13,js,8bf22cf4,Jenny Xu,2025-02-06,09:54:11,-08:00,2025-02-06T09:54:11-08:00,0,50
projects\projects.js,14,js,b04ce4d7,Jenny Xu,2025-01-29,09:35:33,-08:00,2025-01-29T09:35:33-08:00,0,0
projects\projects.js,15,js,94f4e7ed,Jenny Xu,2025-02-06,15:44:22,-08:00,2025-02-06T15:44:22-08:00,0,22
projects\projects.js,16,js,10a75095,Jenny Xu,2025-02-07,15:31:32,-08:00,2025-02-07T15:31:32-08:00,0,20
projects\projects.js,17,js,00000000,Not Committed Yet,2025-02-11,21:49:38,-08:00,2025-02-11T21:49:38-08:00,0,20
projects\projects.js,18,js,8bf22cf4,Jenny Xu,2025-02-06,09:54:11,-08:00,2025-02-06T09:54:11-08:00,0,0
projects\projects.js,19,js,94f4e7ed,Jenny Xu,2025-02-06,15:44:22,-08:00,2025-02-06T15:44:22-08:00,0,39
projects\projects.js,20,js,94f4e7ed,Jenny Xu,2025-02-06,15:44:22,-08:00,2025-02-06T15:44:22-08:00,0,30
projects\projects.js,21,js,94f4e7ed,Jenny Xu,2025-02-06,15:44:22,-08:00,2025-02-06T15:44:22-08:00,0,31
projects\projects.js,22,js,94f4e7ed,Jenny Xu,2025-02-06,15:44:22,-08:00,2025-02-06T15:44:22-08:00,0,0
projects\projects.js,23,js,00000000,Not Committed Yet,2025-02-11,21:49:38,-08:00,2025-02-11T21:49:38-08:00,0,73
projects\projects.js,24,js,00000000,Not Committed Yet,2025-02-11,21:49:38,-08:00,2025-02-11T21:49:38-08:00,0,83
projects\projects.js,25,js,94f4e7ed,Jenny Xu,2025-02-06,15:44:22,-08:00,2025-02-06T15:44:22-08:00,0,0
projects\projects.js,26,js,00000000,Not Committed Yet,2025-02-11,21:49:38,-08:00,2025-02-11T21:49:38-08:00,0,52
projects\projects.js,27,js,00000000,Not Committed Yet,2025-02-11,21:49:38,-08:00,2025-02-11T21:49:38-08:00,0,47
projects\projects.js,28,js,94f4e7ed,Jenny Xu,2025-02-06,15:44:22,-08:00,2025-02-06T15:44:22-08:00,0,61
projects\projects.js,29,js,94f4e7ed,Jenny Xu,2025-02-06,15:44:22,-08:00,2025-02-06T15:44:22-08:00,0,0
projects\projects.js,30,js,94f4e7ed,Jenny Xu,2025-02-06,15:44:22,-08:00,2025-02-06T15:44:22-08:00,0,20
projects\projects.js,31,js,94f4e7ed,Jenny Xu,2025-02-06,15:44:22,-08:00,2025-02-06T15:44:22-08:00,0,16
projects\projects.js,32,js,94f4e7ed,Jenny Xu,2025-02-06,15:44:22,-08:00,2025-02-06T15:44:22-08:00,0,7
projects\projects.js,33,js,94f4e7ed,Jenny Xu,2025-02-06,15:44:22,-08:00,2025-02-06T15:44:22-08:00,0,14
projects\projects.js,34,js,94f4e7ed,Jenny Xu,2025-02-06,15:44:22,-08:00,2025-02-06T15:44:22-08:00,0,26
projects\projects.js,35,js,94f4e7ed,Jenny Xu,2025-02-06,15:44:22,-08:00,2025-02-06T15:44:22-08:00,0,37
projects\projects.js,36,js,00000000,Not Committed Yet,2025-02-11,21:49:38,-08:00,2025-02-11T21:49:38-08:00,0,35
projects\projects.js,37,js,94f4e7ed,Jenny Xu,2025-02-06,15:44:22,-08:00,2025-02-06T15:44:22-08:00,0,33
projects\projects.js,38,js,00000000,Not Committed Yet,2025-02-11,21:49:38,-08:00,2025-02-11T21:49:38-08:00,0,77
projects\projects.js,39,js,94f4e7ed,Jenny Xu,2025-02-06,15:44:22,-08:00,2025-02-06T15:44:22-08:00,0,66
projects\projects.js,40,js,10a75095,Jenny Xu,2025-02-07,15:31:32,-08:00,2025-02-07T15:31:32-08:00,0,14
projects\projects.js,41,js,94f4e7ed,Jenny Xu,2025-02-06,15:44:22,-08:00,2025-02-06T15:44:22-08:00,0,2
projects\projects.js,42,js,94f4e7ed,Jenny Xu,2025-02-06,15:44:22,-08:00,2025-02-06T15:44:22-08:00,0,0
projects\projects.js,43,js,94f4e7ed,Jenny Xu,2025-02-06,15:44:22,-08:00,2025-02-06T15:44:22-08:00,0,21
projects\projects.js,44,js,00000000,Not Committed Yet,2025-02-11,21:49:38,-08:00,2025-02-11T21:49:38-08:00,0,17
projects\projects.js,45,js,94f4e7ed,Jenny Xu,2025-02-06,15:44:22,-08:00,2025-02-06T15:44:22-08:00,0,7
projects\projects.js,46,js,94f4e7ed,Jenny Xu,2025-02-06,15:44:22,-08:00,2025-02-06T15:44:22-08:00,0,12
projects\projects.js,47,js,00000000,Not Committed Yet,2025-02-11,21:49:38,-08:00,2025-02-11T21:49:38-08:00,0,35
projects\projects.js,48,js,00000000,Not Committed Yet,2025-02-11,21:49:38,-08:00,2025-02-11T21:49:38-08:00,0,121
projects\projects.js,49,js,94f4e7ed,Jenny Xu,2025-02-06,15:44:22,-08:00,2025-02-06T15:44:22-08:00,0,33
projects\projects.js,50,js,00000000,Not Committed Yet,2025-02-11,21:49:38,-08:00,2025-02-11T21:49:38-08:00,0,72
projects\projects.js,51,js,94f4e7ed,Jenny Xu,2025-02-06,15:44:22,-08:00,2025-02-06T15:44:22-08:00,0,66
projects\projects.js,52,js,10a75095,Jenny Xu,2025-02-07,15:31:32,-08:00,2025-02-07T15:31:32-08:00,0,14
projects\projects.js,53,js,94f4e7ed,Jenny Xu,2025-02-06,15:44:22,-08:00,2025-02-06T15:44:22-08:00,0,2
projects\projects.js,54,js,00000000,Not Committed Yet,2025-02-11,21:49:38,-08:00,2025-02-11T21:49:38-08:00,0,0
projects\projects.js,55,js,00000000,Not Committed Yet,2025-02-11,21:49:38,-08:00,2025-02-11T21:49:38-08:00,0,20
projects\projects.js,56,js,00000000,Not Committed Yet,2025-02-11,21:49:38,-08:00,2025-02-11T21:49:38-08:00,0,0
projects\projects.js,57,js,10a75095,Jenny Xu,2025-02-07,15:31:32,-08:00,2025-02-07T15:31:32-08:00,0,0
projects\projects.js,58,js,10a75095,Jenny Xu,2025-02-07,15:31:32,-08:00,2025-02-07T15:31:32-08:00,0,24
projects\projects.js,59,js,00000000,Not Committed Yet,2025-02-11,21:49:38,-08:00,2025-02-11T21:49:38-08:00,0,50
projects\projects.js,60,js,00000000,Not Committed Yet,2025-02-11,21:49:38,-08:00,2025-02-11T21:49:38-08:00,0,96
projects\projects.js,61,js,00000000,Not Committed Yet,2025-02-11,21:49:38,-08:00,2025-02-11T21:49:38-08:00,0,76
projects\projects.js,62,js,00000000,Not Committed Yet,2025-02-11,21:49:38,-08:00,2025-02-11T21:49:38-08:00,0,2
projects\projects.js,63,js,8bf22cf4,Jenny Xu,2025-02-06,09:54:11,-08:00,2025-02-06T09:54:11-08:00,0,0
projects\projects.js,64,js,00000000,Not Committed Yet,2025-02-11,21:49:38,-08:00,2025-02-11T21:49:38-08:00,0,57
projects\projects.js,65,js,00000000,Not Committed Yet,2025-02-11,21:49:38,-08:00,2025-02-11T21:49:38-08:00,0,60
projects\projects.js,66,js,00000000,Not Committed Yet,2025-02-11,21:49:38,-08:00,2025-02-11T21:49:38-08:00,0,44
projects\projects.js,67,js,00000000,Not Committed Yet,2025-02-11,21:49:38,-08:00,2025-02-11T21:49:38-08:00,0,58
projects\projects.js,68,js,00000000,Not Committed Yet,2025-02-11,21:49:38,-08:00,2025-02-11T21:49:38-08:00,0,2
projects\projects.js,69,js,6b16fd7f,Jenny Xu,2025-02-07,17:22:45,-08:00,2025-02-07T17:22:45-08:00,0,0
projects\projects.js,70,js,00000000,Not Committed Yet,2025-02-11,21:49:38,-08:00,2025-02-11T21:49:38-08:00,0,20
projects\projects.js,71,js,00000000,Not Committed Yet,2025-02-11,21:49:38,-08:00,2025-02-11T21:49:38-08:00,0,0
projects\projects.js,72,js,6b16fd7f,Jenny Xu,2025-02-07,17:22:45,-08:00,2025-02-07T17:22:45-08:00,0,0
projects\projects.js,73,js,00000000,Not Committed Yet,2025-02-11,21:49:38,-08:00,2025-02-11T21:49:38-08:00,0,30
projects\projects.js,74,js,00000000,Not Committed Yet,2025-02-11,21:49:38,-08:00,2025-02-11T21:49:38-08:00,0,21
projects\projects.js,75,js,00000000,Not Committed Yet,2025-02-11,21:49:38,-08:00,2025-02-11T21:49:38-08:00,0,23
projects\projects.js,76,js,00000000,Not Committed Yet,2025-02-11,21:49:38,-08:00,2025-02-11T21:49:38-08:00,0,23
projects\projects.js,77,js,00000000,Not Committed Yet,2025-02-11,21:49:38,-08:00,2025-02-11T21:49:38-08:00,0,75
projects\projects.js,78,js,00000000,Not Committed Yet,2025-02-11,21:49:38,-08:00,2025-02-11T21:49:38-08:00,0,29
projects\projects.js,79,js,00000000,Not Committed Yet,2025-02-11,21:49:38,-08:00,2025-02-11T21:49:38-08:00,0,0
projects\projects.js,80,js,00000000,Not Committed Yet,2025-02-11,21:49:38,-08:00,2025-02-11T21:49:38-08:00,0,66
projects\projects.js,81,js,00000000,Not Committed Yet,2025-02-11,21:49:38,-08:00,2025-02-11T21:49:38-08:00,0,1
projects\projects.js,82,js,00000000,Not Committed Yet,2025-02-11,21:49:38,-08:00,2025-02-11T21:49:38-08:00,0,69
projects\projects.js,83,js,10a75095,Jenny Xu,2025-02-07,15:31:32,-08:00,2025-02-07T15:31:32-08:00,0,0
projects\projects.js,84,js,1808aa92,Jenny Xu,2025-02-05,22:57:32,-08:00,2025-02-05T22:57:32-08:00,0,0
projects\projects.js,85,js,477d9d11,Jenny Xu,2025-02-06,09:31:14,-08:00,2025-02-06T09:31:14-08:00,0,49
projects\projects.js,86,js,477d9d11,Jenny Xu,2025-02-06,09:31:14,-08:00,2025-02-06T09:31:14-08:00,0,24
projects\projects.js,87,js,1808aa92,Jenny Xu,2025-02-05,22:57:32,-08:00,2025-02-05T22:57:32-08:00,0,0
projects\projects.js,88,js,8bf22cf4,Jenny Xu,2025-02-06,09:54:11,-08:00,2025-02-06T09:54:11-08:00,0,49
projects\projects.js,89,js,10a75095,Jenny Xu,2025-02-07,15:31:32,-08:00,2025-02-07T15:31:32-08:00,0,46
projects\projects.js,90,js,10a75095,Jenny Xu,2025-02-07,15:31:32,-08:00,2025-02-07T15:31:32-08:00,0,14
projects\projects.js,91,js,00000000,Not Committed Yet,2025-02-11,21:49:38,-08:00,2025-02-11T21:49:38-08:00,0,2
projects\index.html,1,html,0ee5c6a7,Jenny Xu,2025-01-10,17:51:44,-08:00,2025-01-10T17:51:44-08:00,0,14
projects\index.html,2,html,0ee5c6a7,Jenny Xu,2025-01-10,17:51:44,-08:00,2025-01-10T17:51:44-08:00,0,15
projects\index.html,3,html,0ee5c6a7,Jenny Xu,2025-01-10,17:51:44,-08:00,2025-01-10T17:51:44-08:00,0,5
projects\index.html,4,html,0ee5c6a7,Jenny Xu,2025-01-10,17:51:44,-08:00,2025-01-10T17:51:44-08:00,0,21
projects\index.html,5,html,0ee5c6a7,Jenny Xu,2025-01-10,17:51:44,-08:00,2025-01-10T17:51:44-08:00,0,69
projects\index.html,6,html,0ee5c6a7,Jenny Xu,2025-01-10,17:51:44,-08:00,2025-01-10T17:51:44-08:00,0,32
projects\index.html,7,html,1bd0c2c3,Jenny Xu,2025-01-16,17:31:35,-08:00,2025-01-16T17:31:35-08:00,0,42
projects\index.html,8,html,fa785145,Jenny Xu,2025-01-23,16:10:30,-08:00,2025-01-23T16:10:30-08:00,0,49
projects\index.html,9,html,0ee5c6a7,Jenny Xu,2025-01-10,17:51:44,-08:00,2025-01-10T17:51:44-08:00,0,6
projects\index.html,10,html,0ee5c6a7,Jenny Xu,2025-01-10,17:51:44,-08:00,2025-01-10T17:51:44-08:00,0,5
projects\index.html,11,html,68b362fb,Jenny Xu,2025-01-30,14:03:58,-08:00,2025-01-30T14:03:58-08:00,0,39
projects\index.html,12,html,1808aa92,Jenny Xu,2025-02-05,22:57:32,-08:00,2025-02-05T22:57:32-08:00,0,22
projects\index.html,13,html,1808aa92,Jenny Xu,2025-02-05,22:57:32,-08:00,2025-02-05T22:57:32-08:00,0,59
projects\index.html,14,html,1808aa92,Jenny Xu,2025-02-05,22:57:32,-08:00,2025-02-05T22:57:32-08:00,0,23
projects\index.html,15,html,1808aa92,Jenny Xu,2025-02-05,22:57:32,-08:00,2025-02-05T22:57:32-08:00,0,5
projects\index.html,16,html,477d9d11,Jenny Xu,2025-02-06,09:31:14,-08:00,2025-02-06T09:31:14-08:00,0,5
projects\index.html,17,html,477d9d11,Jenny Xu,2025-02-06,09:31:14,-08:00,2025-02-06T09:31:14-08:00,0,16
projects\index.html,18,html,477d9d11,Jenny Xu,2025-02-06,09:31:14,-08:00,2025-02-06T09:31:14-08:00,0,12
projects\index.html,19,html,477d9d11,Jenny Xu,2025-02-06,09:31:14,-08:00,2025-02-06T09:31:14-08:00,0,27
projects\index.html,20,html,477d9d11,Jenny Xu,2025-02-06,09:31:14,-08:00,2025-02-06T09:31:14-08:00,0,32
projects\index.html,21,html,477d9d11,Jenny Xu,2025-02-06,09:31:14,-08:00,2025-02-06T09:31:14-08:00,0,1
projects\index.html,22,html,f1ccee4a,Jenny Xu,2025-02-04,15:00:49,-08:00,2025-02-04T15:00:49-08:00,0,27
projects\index.html,23,html,ebacd3fc,Jenny Xu,2025-01-29,13:08:28,-08:00,2025-01-29T13:08:28-08:00,0,49
projects\index.html,24,html,ebacd3fc,Jenny Xu,2025-01-29,13:08:28,-08:00,2025-01-29T13:08:28-08:00,0,48
projects\index.html,25,html,0ee5c6a7,Jenny Xu,2025-01-10,17:51:44,-08:00,2025-01-10T17:51:44-08:00,0,6
projects\index.html,26,html,0ee5c6a7,Jenny Xu,2025-01-10,17:51:44,-08:00,2025-01-10T17:51:44-08:00,0,6
CV\index.html,1,html,510b0558,Jenny Xu,2025-01-10,18:34:08,-08:00,2025-01-10T18:34:08-08:00,0,14
CV\index.html,2,html,510b0558,Jenny Xu,2025-01-10,18:34:08,-08:00,2025-01-10T18:34:08-08:00,0,15
CV\index.html,3,html,510b0558,Jenny Xu,2025-01-10,18:34:08,-08:00,2025-01-10T18:34:08-08:00,0,5
CV\index.html,4,html,510b0558,Jenny Xu,2025-01-10,18:34:08,-08:00,2025-01-10T18:34:08-08:00,0,21
CV\index.html,5,html,510b0558,Jenny Xu,2025-01-10,18:34:08,-08:00,2025-01-10T18:34:08-08:00,0,69
CV\index.html,6,html,510b0558,Jenny Xu,2025-01-10,18:34:08,-08:00,2025-01-10T18:34:08-08:00,0,26
CV\index.html,7,html,1bd0c2c3,Jenny Xu,2025-01-16,17:31:35,-08:00,2025-01-16T17:31:35-08:00,0,42
CV\index.html,8,html,fa785145,Jenny Xu,2025-01-23,16:10:30,-08:00,2025-01-23T16:10:30-08:00,0,49
CV\index.html,9,html,510b0558,Jenny Xu,2025-01-10,18:34:08,-08:00,2025-01-10T18:34:08-08:00,0,6
CV\index.html,10,html,510b0558,Jenny Xu,2025-01-10,18:34:08,-08:00,2025-01-10T18:34:08-08:00,0,5
CV\index.html,11,html,510b0558,Jenny Xu,2025-01-10,18:34:08,-08:00,2025-01-10T18:34:08-08:00,0,7
CV\index.html,12,html,453b268e,Jenny Xu,2025-01-10,18:51:34,-08:00,2025-01-10T18:51:34-08:00,0,16
CV\index.html,13,html,510b0558,Jenny Xu,2025-01-10,18:34:08,-08:00,2025-01-10T18:34:08-08:00,0,8
CV\index.html,14,html,510b0558,Jenny Xu,2025-01-10,18:34:08,-08:00,2025-01-10T18:34:08-08:00,0,0
CV\index.html,15,html,510b0558,Jenny Xu,2025-01-10,18:34:08,-08:00,2025-01-10T18:34:08-08:00,0,8
CV\index.html,16,html,510b0558,Jenny Xu,2025-01-10,18:34:08,-08:00,2025-01-10T18:34:08-08:00,0,7
CV\index.html,17,html,510b0558,Jenny Xu,2025-01-10,18:34:08,-08:00,2025-01-10T18:34:08-08:00,0,17
CV\index.html,18,html,510b0558,Jenny Xu,2025-01-10,18:34:08,-08:00,2025-01-10T18:34:08-08:00,0,8
CV\index.html,19,html,510b0558,Jenny Xu,2025-01-10,18:34:08,-08:00,2025-01-10T18:34:08-08:00,0,8
CV\index.html,20,html,453b268e,Jenny Xu,2025-01-10,18:51:34,-08:00,2025-01-10T18:51:34-08:00,0,42
CV\index.html,21,html,8517ce02,Jenny Xu,2025-01-17,18:18:28,-08:00,2025-01-17T18:18:28-08:00,0,41
CV\index.html,22,html,8517ce02,Jenny Xu,2025-01-17,18:18:28,-08:00,2025-01-17T18:18:28-08:00,0,25
CV\index.html,23,html,8517ce02,Jenny Xu,2025-01-17,18:18:28,-08:00,2025-01-17T18:18:28-08:00,0,3
CV\index.html,24,html,510b0558,Jenny Xu,2025-01-10,18:34:08,-08:00,2025-01-10T18:34:08-08:00,0,9
CV\index.html,25,html,510b0558,Jenny Xu,2025-01-10,18:34:08,-08:00,2025-01-10T18:34:08-08:00,0,9
CV\index.html,26,html,510b0558,Jenny Xu,2025-01-10,18:34:08,-08:00,2025-01-10T18:34:08-08:00,0,0
CV\index.html,27,html,510b0558,Jenny Xu,2025-01-10,18:34:08,-08:00,2025-01-10T18:34:08-08:00,0,8
CV\index.html,28,html,510b0558,Jenny Xu,2025-01-10,18:34:08,-08:00,2025-01-10T18:34:08-08:00,0,7
CV\index.html,29,html,453b268e,Jenny Xu,2025-01-10,18:51:34,-08:00,2025-01-10T18:51:34-08:00,0,16
CV\index.html,30,html,510b0558,Jenny Xu,2025-01-10,18:34:08,-08:00,2025-01-10T18:34:08-08:00,0,8
CV\index.html,31,html,510b0558,Jenny Xu,2025-01-10,18:34:08,-08:00,2025-01-10T18:34:08-08:00,0,8
CV\index.html,32,html,8517ce02,Jenny Xu,2025-01-17,18:18:28,-08:00,2025-01-17T18:18:28-08:00,0,3
CV\index.html,33,html,8517ce02,Jenny Xu,2025-01-17,18:18:28,-08:00,2025-01-17T18:18:28-08:00,0,88
CV\index.html,34,html,8517ce02,Jenny Xu,2025-01-17,18:18:28,-08:00,2025-01-17T18:18:28-08:00,0,4
CV\index.html,35,html,453b268e,Jenny Xu,2025-01-10,18:51:34,-08:00,2025-01-10T18:51:34-08:00,0,25
CV\index.html,36,html,510b0558,Jenny Xu,2025-01-10,18:34:08,-08:00,2025-01-10T18:34:08-08:00,0,3
CV\index.html,37,html,453b268e,Jenny Xu,2025-01-10,18:51:34,-08:00,2025-01-10T18:51:34-08:00,0,193
CV\index.html,38,html,453b268e,Jenny Xu,2025-01-10,18:51:34,-08:00,2025-01-10T18:51:34-08:00,0,125
CV\index.html,39,html,510b0558,Jenny Xu,2025-01-10,18:34:08,-08:00,2025-01-10T18:34:08-08:00,0,4
CV\index.html,40,html,510b0558,Jenny Xu,2025-01-10,18:34:08,-08:00,2025-01-10T18:34:08-08:00,0,9
CV\index.html,41,html,510b0558,Jenny Xu,2025-01-10,18:34:08,-08:00,2025-01-10T18:34:08-08:00,0,8
CV\index.html,42,html,453b268e,Jenny Xu,2025-01-10,18:51:34,-08:00,2025-01-10T18:51:34-08:00,0,64
CV\index.html,43,html,453b268e,Jenny Xu,2025-01-10,18:51:34,-08:00,2025-01-10T18:51:34-08:00,0,25
CV\index.html,44,html,510b0558,Jenny Xu,2025-01-10,18:34:08,-08:00,2025-01-10T18:34:08-08:00,0,3
CV\index.html,45,html,453b268e,Jenny Xu,2025-01-10,18:51:34,-08:00,2025-01-10T18:51:34-08:00,0,171
CV\index.html,46,html,453b268e,Jenny Xu,2025-01-10,18:51:34,-08:00,2025-01-10T18:51:34-08:00,0,58
CV\index.html,47,html,510b0558,Jenny Xu,2025-01-10,18:34:08,-08:00,2025-01-10T18:34:08-08:00,0,4
CV\index.html,48,html,510b0558,Jenny Xu,2025-01-10,18:34:08,-08:00,2025-01-10T18:34:08-08:00,0,9
CV\index.html,49,html,510b0558,Jenny Xu,2025-01-10,18:34:08,-08:00,2025-01-10T18:34:08-08:00,0,9
CV\index.html,50,html,510b0558,Jenny Xu,2025-01-10,18:34:08,-08:00,2025-01-10T18:34:08-08:00,0,0
CV\index.html,51,html,510b0558,Jenny Xu,2025-01-10,18:34:08,-08:00,2025-01-10T18:34:08-08:00,0,8
CV\index.html,52,html,510b0558,Jenny Xu,2025-01-10,18:34:08,-08:00,2025-01-10T18:34:08-08:00,0,7
CV\index.html,53,html,510b0558,Jenny Xu,2025-01-10,18:34:08,-08:00,2025-01-10T18:34:08-08:00,0,14
CV\index.html,54,html,510b0558,Jenny Xu,2025-01-10,18:34:08,-08:00,2025-01-10T18:34:08-08:00,0,8
CV\index.html,55,html,510b0558,Jenny Xu,2025-01-10,18:34:08,-08:00,2025-01-10T18:34:08-08:00,0,3
CV\index.html,56,html,453b268e,Jenny Xu,2025-01-10,18:51:34,-08:00,2025-01-10T18:51:34-08:00,0,48
CV\index.html,57,html,510b0558,Jenny Xu,2025-01-10,18:34:08,-08:00,2025-01-10T18:34:08-08:00,0,46
CV\index.html,58,html,510b0558,Jenny Xu,2025-01-10,18:34:08,-08:00,2025-01-10T18:34:08-08:00,0,36
CV\index.html,59,html,510b0558,Jenny Xu,2025-01-10,18:34:08,-08:00,2025-01-10T18:34:08-08:00,0,4
CV\index.html,60,html,510b0558,Jenny Xu,2025-01-10,18:34:08,-08:00,2025-01-10T18:34:08-08:00,0,9
CV\index.html,61,html,510b0558,Jenny Xu,2025-01-10,18:34:08,-08:00,2025-01-10T18:34:08-08:00,0,6
CV\index.html,62,html,510b0558,Jenny Xu,2025-01-10,18:34:08,-08:00,2025-01-10T18:34:08-08:00,0,6
contact\index.html,1,html,0ee5c6a7,Jenny Xu,2025-01-10,17:51:44,-08:00,2025-01-10T17:51:44-08:00,0,14
contact\index.html,2,html,0ee5c6a7,Jenny Xu,2025-01-10,17:51:44,-08:00,2025-01-10T17:51:44-08:00,0,15
contact\index.html,3,html,0ee5c6a7,Jenny Xu,2025-01-10,17:51:44,-08:00,2025-01-10T17:51:44-08:00,0,5
contact\index.html,4,html,0ee5c6a7,Jenny Xu,2025-01-10,17:51:44,-08:00,2025-01-10T17:51:44-08:00,0,21
contact\index.html,5,html,0ee5c6a7,Jenny Xu,2025-01-10,17:51:44,-08:00,2025-01-10T17:51:44-08:00,0,69
contact\index.html,6,html,0ee5c6a7,Jenny Xu,2025-01-10,17:51:44,-08:00,2025-01-10T17:51:44-08:00,0,31
contact\index.html,7,html,1bd0c2c3,Jenny Xu,2025-01-16,17:31:35,-08:00,2025-01-16T17:31:35-08:00,0,42
contact\index.html,8,html,fa785145,Jenny Xu,2025-01-23,16:10:30,-08:00,2025-01-23T16:10:30-08:00,0,49
contact\index.html,9,html,0ee5c6a7,Jenny Xu,2025-01-10,17:51:44,-08:00,2025-01-10T17:51:44-08:00,0,6
contact\index.html,10,html,0ee5c6a7,Jenny Xu,2025-01-10,17:51:44,-08:00,2025-01-10T17:51:44-08:00,0,5
contact\index.html,11,html,0ee5c6a7,Jenny Xu,2025-01-10,17:51:44,-08:00,2025-01-10T17:51:44-08:00,0,15
contact\index.html,12,html,1787cd9b,Jenny Xu,2025-01-10,18:13:22,-08:00,2025-01-10T18:13:22-08:00,0,72
contact\index.html,13,html,4e431817,Jenny Xu,2025-01-16,15:49:09,-08:00,2025-01-16T15:49:09-08:00,0,76
contact\index.html,14,html,3edb7f56,Jenny Xu,2025-01-10,18:08:27,-08:00,2025-01-10T18:08:27-08:00,0,0
contact\index.html,15,html,4e431817,Jenny Xu,2025-01-16,15:49:09,-08:00,2025-01-16T15:49:09-08:00,0,71
contact\index.html,16,html,4e431817,Jenny Xu,2025-01-16,15:49:09,-08:00,2025-01-16T15:49:09-08:00,0,0
contact\index.html,17,html,4e431817,Jenny Xu,2025-01-16,15:49:09,-08:00,2025-01-16T15:49:09-08:00,0,73
contact\index.html,18,html,1787cd9b,Jenny Xu,2025-01-10,18:13:22,-08:00,2025-01-10T18:13:22-08:00,0,0
contact\index.html,19,html,1787cd9b,Jenny Xu,2025-01-10,18:13:22,-08:00,2025-01-10T18:13:22-08:00,0,36
contact\index.html,20,html,3edb7f56,Jenny Xu,2025-01-10,18:08:27,-08:00,2025-01-10T18:08:27-08:00,0,6
contact\index.html,21,html,0ee5c6a7,Jenny Xu,2025-01-10,17:51:44,-08:00,2025-01-10T17:51:44-08:00,0,6
contact\index.html,22,html,0ee5c6a7,Jenny Xu,2025-01-10,17:51:44,-08:00,2025-01-10T17:51:44-08:00,0,6
